Soil Type,pH,Nitrogen,Phosphorus,Potassium,Temperature,Rainfall,Crop
Red Soil,6.7,119,48,81,28.2,1333.1,Rice
Alluvial Soil,5.7,187,82,128,27.3,764.1,Maize
Alluvial Soil,5.2,145,61,87,33.3,1397.2,Rice
Red Soil,6.2,100,57,108,26.8,741.5,Maize
Red Soil,6.7,111,63,105,31.6,2171.7,Rice
Clay Soil,7.1,81,40,43,22.1,879.7,Wheat
Alluvial Soil,7.5,120,45,93,25.9,2193.1,Rice
Red Soil,7.4,91,69,75,30.7,1546.9,Rice
Clay Soil,7.3,149,47,84,29.2,2069.9,Rice
Red Soil,5.5,93,54,112,27,2414.1,Rice
Alluvial Soil,6.1,116,50,99,26.8,1458.3,Rice
Red Soil,6.6,112,55,104,29.8,2023.3,Rice
Red Soil,6.9,136,65,100,28.2,1527.9,Rice
Alluvial Soil,5.5,91,46,61,34.5,2230.7,Rice
Clay Soil,5.8,114,55,65,29,1588,Rice
Black Soil,7.8,136,71,121,30.6,549.2,Cotton
Alluvial Soil,5.2,111,58,70,34.6,1218,Rice
Clay Soil,6.3,114,58,68,23.5,760,Wheat
Alluvial Soil,7.5,143,51,112,32.8,1777.7,Rice
Red Soil,5,88,45,107,27.9,1736.1,Rice
Red Soil,5.5,187,57,90,29.5,1117,Maize
Black Soil,6,196,111,125,25.5,593.3,Cotton
Black Soil,7.4,108,37,50,16,768.5,Wheat
Clay Soil,7.1,86,50,79,34.1,1146.8,Rice
Clay Soil,6.6,82,70,100,34.5,1395.1,Rice
Clay Soil,6.5,115,65,112,26.3,1530.8,Rice
Red Soil,5.6,94,40,94,28.7,1789.4,Rice
Clay Soil,6.1,117,52,100,25.4,1308.7,Rice
Alluvial Soil,6.1,188,77,145,27.8,759.8,Maize
Clay Soil,6.1,116,56,108,28.2,1184.8,Rice
Clay Soil,7.4,140,59,109,27.6,2310.2,Rice
Red Soil,6.9,118,34,72,16.7,796,Wheat
Red Soil,6.8,122,69,93,30.6,1274.2,Rice
Clay Soil,7.5,141,67,61,30,1669.8,Rice
Red Soil,5.3,83,45,78,29.5,2083.4,Rice
Red Soil,6,94,60,78,28.9,1741.6,Rice
Clay Soil,6.6,114,51,97,27.9,1600.5,Rice
Red Soil,6.4,63,45,66,15.8,765.9,Wheat
Red Soil,7.4,115,69,77,26.2,1084.9,Rice
Alluvial Soil,5,88,65,68,29.1,1533.4,Rice
Clay Soil,5.8,97,58,95,34.7,1332.2,Rice
Black Soil,6.4,227,93,132,27.6,769.6,Cotton
Alluvial Soil,6.8,177,62,136,26.4,910.3,Maize
Clay Soil,7.2,115,47,96,27.4,1003.2,Rice
Red Soil,6.8,169,90,147,22,1207.3,Maize
Alluvial Soil,7.2,103,55,75,24,532.3,Wheat
Clay Soil,6,95,69,104,29.9,2150,Rice
Red Soil,6.8,113,85,102,25.2,750.5,Maize
Clay Soil,6.5,112,31,47,22,722,Wheat
Alluvial Soil,6.5,131,78,122,23.2,632.5,Maize
Red Soil,7.3,70,47,70,23.8,528,Wheat
Clay Soil,7.1,119,56,96,28.5,1793,Rice
Alluvial Soil,6.1,120,91,92,21.8,1410.8,Maize
Alluvial Soil,6.5,148,64,96,21.6,1390.3,Maize
Red Soil,7.2,103,56,64,29.8,2164.7,Rice
Clay Soil,6.8,141,70,109,33.2,1816.6,Rice
Clay Soil,6.7,81,51,64,15.4,518.5,Wheat
Black Soil,6.6,146,109,194,31.8,637.5,Cotton
Alluvial Soil,7.3,98,62,88,32.3,1746.3,Rice
Alluvial Soil,5.5,84,42,60,26.7,2185.9,Rice
Alluvial Soil,5.9,106,41,100,32.3,2193.3,Rice
Clay Soil,6,110,43,78,33.5,1956.9,Rice
Alluvial Soil,7.3,112,56,65,32,1058.8,Rice
Red Soil,6.4,163,54,149,24.4,1357.4,Maize
Alluvial Soil,5.4,86,45,74,26,1304.4,Rice
Black Soil,7.2,239,73,156,26.4,681.6,Cotton
Red Soil,6.8,167,91,150,20.5,651,Maize
Black Soil,6.7,217,87,157,25.7,652.5,Cotton
Alluvial Soil,5.2,149,53,65,31.2,1595.8,Rice
Clay Soil,6.6,94,63,99,32.8,2059,Rice
Clay Soil,6.6,111,52,64,24.9,632,Wheat
Red Soil,6.7,126,54,107,29,2155.4,Rice
Clay Soil,5.5,106,57,102,28.4,1198.8,Rice
Clay Soil,6.5,100,67,115,34.8,1137.5,Rice
Alluvial Soil,6.2,104,47,83,34.1,1454,Rice
Alluvial Soil,6.9,93,63,97,26,1797.2,Rice
Alluvial Soil,7,103,30,48,17.6,884.5,Wheat
Clay Soil,6.7,133,51,105,25.5,1346.9,Rice
Red Soil,5.1,144,64,88,28.1,2396.2,Rice
Red Soil,6.4,128,53,108,27.7,1581.4,Rice
Alluvial Soil,7.4,133,69,100,27.2,1527.9,Rice
Red Soil,6,92,50,105,25.2,2323.3,Rice
Red Soil,5.8,148,47,84,30.2,1052.8,Rice
Alluvial Soil,5,128,54,79,31.5,2225.1,Rice
Clay Soil,6.9,82,55,89,32.2,1566,Rice
Clay Soil,7.5,144,62,104,30.8,1571.5,Rice
Clay Soil,7.4,120,70,82,34.7,2286.6,Rice
Black Soil,6.4,188,89,187,30.6,709.2,Cotton
Red Soil,5.5,132,66,82,26.6,1591.8,Rice
Alluvial Soil,6.1,125,70,103,34.8,1959.8,Rice
Clay Soil,5.1,84,56,115,32.4,1608.5,Rice
Alluvial Soil,5.6,143,64,110,32.9,1250.4,Rice
Clay Soil,7.5,114,55,68,32.9,1661.8,Rice
Red Soil,6.5,101,68,81,28.8,2438,Rice
Red Soil,6.1,135,69,116,34.1,1013.3,Rice
Alluvial Soil,6.6,114,31,55,19,569.1,Wheat
Clay Soil,6.3,131,59,91,27.6,1774.5,Rice
Clay Soil,6.1,100,42,57,21.1,515.2,Wheat
Clay Soil,7,87,46,95,28.2,1049.7,Rice
Clay Soil,5.1,133,49,112,30,2211.3,Rice
Alluvial Soil,7.3,137,51,86,33.2,1546.9,Rice
Red Soil,7.3,91,55,75,25.5,1165.8,Rice
Alluvial Soil,7,130,48,91,26.5,2334.4,Rice
Alluvial Soil,7.5,124,61,118,28.2,1040.5,Rice
Alluvial Soil,5.4,124,58,70,28.7,2118.9,Rice
Red Soil,7.4,107,50,102,29.1,1254,Rice
Alluvial Soil,6.2,167,84,127,29.8,639.6,Maize
Black Soil,6.9,207,109,185,30,757.9,Cotton
Red Soil,6.1,121,67,99,26.6,2170.5,Rice
Black Soil,6.5,240,88,166,34.2,958.4,Cotton
Black Soil,6.1,210,77,167,33.6,952.2,Cotton
Clay Soil,6.7,98,52,119,25.5,2069.3,Rice
Red Soil,7.3,87,48,107,34.7,2355.6,Rice
Clay Soil,7.1,146,41,116,33.1,1840.2,Rice
Red Soil,6.2,139,61,65,26.4,1570.4,Rice
Red Soil,7.2,80,58,59,16,847.9,Wheat
Clay Soil,5.7,148,52,82,29.9,2032.2,Rice
Red Soil,5.4,142,64,110,26.8,2117.6,Rice
Red Soil,7.2,144,56,62,26.9,2483.6,Rice
Clay Soil,6.7,128,47,78,25,1953.6,Rice
Red Soil,6.5,92,55,94,31.6,2297.8,Rice
Clay Soil,7,101,58,116,28.8,1096.4,Rice
Alluvial Soil,5.3,99,68,83,33.4,2127.6,Rice
Alluvial Soil,6.8,81,67,83,25.5,2028.4,Rice
Black Soil,7.1,61,59,73,23.7,602.6,Wheat
Red Soil,7,138,67,61,27.5,1556.7,Rice
Alluvial Soil,7.3,107,40,108,28.8,1221.8,Rice
Red Soil,5.7,111,45,107,31.8,1757.9,Rice
Black Soil,6.8,167,114,109,30.2,578.5,Cotton
Red Soil,5.1,137,50,118,33.6,1304.9,Rice
Clay Soil,7.5,116,54,87,25,1577.1,Rice
Red Soil,5.6,133,63,63,27.7,1296.8,Rice
Clay Soil,5.3,80,45,97,32.9,1301.3,Rice
Red Soil,7.2,114,43,64,31.6,2218.3,Rice
Clay Soil,7.4,137,46,75,29,1221.7,Rice
Black Soil,6.3,206,72,131,28.3,752.8,Cotton
Alluvial Soil,5,97,69,81,31.6,2011.3,Rice
Alluvial Soil,5.7,118,62,106,25.6,1737.1,Rice
Clay Soil,6.8,141,40,78,26.7,1314.7,Rice
Clay Soil,5,144,68,116,31.7,1578.4,Rice
Red Soil,6.6,120,52,74,25.3,2205.3,Rice
Red Soil,6.7,113,43,79,19.6,884.2,Wheat
Alluvial Soil,7.4,104,43,67,33.2,1606.5,Rice
Red Soil,6.8,118,65,111,33.5,2053.8,Rice
Black Soil,6.5,61,47,51,15.6,569.3,Wheat
Alluvial Soil,7.5,141,45,116,29.8,2151.7,Rice
Red Soil,7.4,149,63,79,33.3,2073.9,Rice
Black Soil,7.4,115,37,68,22.9,842.3,Wheat
Alluvial Soil,6.9,91,57,63,29,1432.4,Rice
Clay Soil,6.1,114,58,79,34,2346.1,Rice
Red Soil,6.5,93,70,113,32.1,1528.4,Rice
Alluvial Soil,6.8,121,57,108,32.6,1771.7,Rice
Red Soil,7.3,96,69,98,31.1,1753.6,Rice
Red Soil,6.5,132,62,111,28.5,2403.3,Rice
Alluvial Soil,5.8,107,41,97,28.3,1892.7,Rice
Alluvial Soil,6.8,122,43,117,25.2,1170.9,Rice
Red Soil,5,139,53,78,31.5,1953.7,Rice
Red Soil,7.2,94,65,117,25.9,1033.5,Rice
Black Soil,6.8,116,55,44,23,761.7,Wheat
Clay Soil,5.3,135,66,104,27.3,1420.8,Rice
Red Soil,7.1,118,65,72,28.5,2299.6,Rice
Red Soil,7.1,106,30,40,23.7,898.3,Wheat
Black Soil,7.4,76,35,56,19.8,859.9,Wheat
Alluvial Soil,5.4,92,56,90,27.3,2076.1,Rice
Alluvial Soil,5.7,123,47,83,30.4,2468.4,Rice
Red Soil,5.7,82,61,67,25.5,1962.3,Rice
Clay Soil,7.3,94,47,117,25,1354.3,Rice
Alluvial Soil,6,101,40,79,30.1,2171.9,Rice
Clay Soil,6.3,137,69,114,33.9,1993.3,Rice
Alluvial Soil,5,89,42,70,29.9,1725.4,Rice
Clay Soil,7,99,62,70,34.7,1273.4,Rice
Red Soil,6.3,80,33,46,18.4,684.2,Wheat
Black Soil,6.3,249,90,156,26.4,784.2,Cotton
Clay Soil,6.7,73,34,57,25,552.7,Wheat
Red Soil,7.5,102,52,118,28.4,1678.6,Rice
Clay Soil,5.7,149,51,75,29.9,1794.2,Rice
Red Soil,7,114,93,96,26.7,1154,Maize
Red Soil,6.4,122,40,112,25,1100.2,Rice
Alluvial Soil,6,161,72,111,26.6,726.1,Maize
Red Soil,5.3,124,44,119,26.5,1236,Rice
Red Soil,6.2,108,55,110,30.2,1900.8,Rice
Alluvial Soil,6.5,92,52,119,31.9,1762.2,Rice
Clay Soil,7.3,130,51,74,29.6,2231.3,Rice
Black Soil,6.8,218,99,171,29.6,738.6,Cotton
Clay Soil,6.7,114,47,120,27.9,2318.2,Rice
Clay Soil,6.8,127,46,100,25.7,1102.1,Rice
Clay Soil,7.5,150,68,60,33.5,1009.6,Rice
Red Soil,5.4,118,48,113,33.6,1759.4,Rice
Red Soil,6.3,117,52,86,29.3,1238.1,Maize
Alluvial Soil,6.4,138,70,117,32.6,2392.2,Rice
Alluvial Soil,7.5,101,41,103,27.6,1176.8,Rice
Alluvial Soil,6.9,134,66,75,33.5,1716.8,Rice
Alluvial Soil,6.6,148,58,137,28.2,885.1,Maize
Red Soil,7.5,132,66,69,34.7,2133,Rice
Red Soil,5.2,104,57,72,30.7,2003.3,Rice
Clay Soil,6.7,128,44,85,35,2169.2,Rice
Clay Soil,7,103,52,61,21.9,692.6,Wheat
Alluvial Soil,6.1,85,66,68,33.4,1640.6,Rice
Red Soil,6.7,124,52,108,33.9,2017.1,Rice
Clay Soil,6.2,104,52,108,25.6,2372.5,Rice
Clay Soil,5.4,98,62,78,27.6,1095.4,Rice
Alluvial Soil,5.5,159,73,94,25.5,870.8,Maize
Clay Soil,6.9,83,56,75,30.1,2157,Rice
Clay Soil,6.9,89,50,50,19.6,525.7,Wheat
Clay Soil,6.5,119,46,80,30.4,2449.7,Rice
Clay Soil,5.6,143,44,78,25.1,1086.8,Rice
Black Soil,6.2,75,53,80,18.1,837,Wheat
Black Soil,6.9,147,62,174,25.3,663.9,Cotton
Clay Soil,5.9,80,68,67,33.5,2167.1,Rice
Clay Soil,6.9,86,66,60,28.7,1804.4,Rice
Clay Soil,7.5,141,42,111,34.9,1960.7,Rice
Alluvial Soil,6.5,107,76,133,25.2,704.4,Maize
Red Soil,7.5,96,55,117,29.5,1321.7,Rice
Alluvial Soil,7.3,85,56,98,25.4,1105.9,Rice
Alluvial Soil,5.6,141,69,88,26.7,1041,Rice
Red Soil,6.3,80,61,106,34.9,1840.4,Rice
Alluvial Soil,7.5,108,65,94,25.2,1764.5,Rice
Alluvial Soil,6.9,102,46,62,29,1390.6,Rice
Black Soil,6.9,120,120,113,34.2,551.9,Cotton
Clay Soil,6.9,93,59,75,20.7,726.7,Wheat
Alluvial Soil,7,120,54,86,26.9,2452.5,Rice
Red Soil,5.3,137,50,80,27.1,1679.4,Rice
Red Soil,6.3,76,47,59,18.5,578.1,Wheat
Red Soil,6.3,141,68,96,24.7,1173.6,Maize
Clay Soil,7.3,128,62,85,34.4,1152.1,Rice
Clay Soil,6.4,95,59,75,32.5,1185.4,Rice
Black Soil,6.5,101,38,62,22.9,518.3,Wheat
Alluvial Soil,6,183,69,138,21.6,704.4,Maize
Clay Soil,7.5,150,55,78,28.4,1116.8,Rice
Black Soil,7.2,250,88,169,33.7,662,Cotton
Red Soil,6.6,117,47,101,32.4,2240.4,Rice
Black Soil,7.8,129,117,116,25.8,969.6,Cotton
Red Soil,7.4,83,49,72,34.3,1461,Rice
Alluvial Soil,5.7,152,85,89,22.2,1015.2,Maize
Red Soil,7.4,71,58,53,15.6,586.9,Wheat
Black Soil,7,116,59,78,20.1,795.1,Wheat
Clay Soil,6.4,127,49,86,33.5,2050.3,Rice
Black Soil,6.5,145,84,174,33.1,536.3,Cotton
Red Soil,7.2,81,57,106,26.4,2476.3,Rice
Red Soil,6.2,97,53,83,28.5,2293.8,Rice
Red Soil,6.8,98,57,96,31,1027.5,Rice
Clay Soil,5.1,94,44,72,32.4,2164.5,Rice
Clay Soil,7.3,85,58,76,24.2,896.7,Wheat
Alluvial Soil,6,98,37,52,24.1,725.5,Wheat
Black Soil,6.3,224,67,200,28.9,873.3,Cotton
Black Soil,6.1,210,83,134,29.9,660.1,Cotton
Alluvial Soil,7.4,127,58,102,25.2,2050.7,Rice
Clay Soil,5.6,102,67,75,34.8,1626.9,Rice
Red Soil,6.2,98,69,104,25.1,2246.8,Rice
Alluvial Soil,6.4,63,56,73,16.8,765.6,Wheat
Red Soil,6.3,151,93,135,25.3,969.3,Maize
Alluvial Soil,7,138,59,68,27.1,1742.4,Rice
Red Soil,5.1,98,56,64,26,1914.3,Rice
Clay Soil,6.6,136,58,71,30.8,1533.4,Rice
Black Soil,6.1,248,74,131,33.2,775,Cotton
Alluvial Soil,5,97,55,105,29.4,1524.4,Rice
Red Soil,5.9,135,51,84,31.5,1189.1,Rice
Black Soil,7.1,100,31,52,19.4,534,Wheat
Red Soil,5.7,136,47,113,29.9,1741.3,Rice
Red Soil,6.5,91,49,73,19.3,799.9,Wheat
Alluvial Soil,6.9,131,40,81,35,1670.2,Rice
Alluvial Soil,5.4,95,61,97,30.7,2149,Rice
Alluvial Soil,6.5,138,44,114,25.7,1867.3,Rice
Alluvial Soil,5.9,106,91,126,28.6,883.7,Maize
Alluvial Soil,5.3,142,42,94,30.4,2334.5,Rice
Alluvial Soil,5.8,146,70,110,33,2053.9,Rice
Red Soil,6.1,105,47,64,30.5,1856.9,Rice
Clay Soil,7.2,88,54,89,25.4,1732.7,Rice
Red Soil,6.9,84,49,66,27.4,2031.7,Rice
Red Soil,6.7,148,58,81,25.4,1529.2,Rice
Clay Soil,6.9,95,33,75,15.9,614.7,Wheat
Red Soil,5.5,138,40,94,30.8,1883.4,Rice
Clay Soil,7.4,136,56,103,30.4,1059,Rice
Alluvial Soil,5.7,163,87,124,29.6,1291.4,Maize
Red Soil,5.1,149,50,119,29,2289.7,Rice
Alluvial Soil,6.9,151,95,123,22.5,717.5,Maize
Red Soil,6,172,100,99,25.2,757.5,Maize
Red Soil,5.7,91,47,64,34.4,1694.5,Rice
Clay Soil,7.1,117,41,108,25.2,1371.3,Rice
Red Soil,5.5,144,60,62,33.7,1755.8,Rice
Alluvial Soil,7.1,98,41,41,20.2,874.3,Wheat
Red Soil,7.1,104,41,116,34.5,1868.1,Rice
Red Soil,5.3,101,46,72,29.3,2077.6,Rice
Alluvial Soil,5.6,129,59,119,32.1,2306.2,Rice
Alluvial Soil,5.7,140,59,103,29.2,918.5,Maize
Red Soil,5.6,157,63,99,24.2,1195.3,Maize
Alluvial Soil,7.4,98,51,74,33.6,1521.4,Rice
Alluvial Soil,6.4,70,34,57,20.8,638.5,Wheat
Red Soil,7.2,104,60,69,25.2,1895.9,Rice
Alluvial Soil,5.8,105,71,146,21.1,751,Maize
Alluvial Soil,6.5,143,79,111,25,642.3,Maize
Clay Soil,7.1,126,54,70,29.3,2122,Rice
Alluvial Soil,7.5,89,51,42,16.5,665.1,Wheat
Clay Soil,5.6,87,64,101,27.1,2309,Rice
Clay Soil,7,101,50,107,31.1,1217.8,Rice
Clay Soil,5.6,148,49,65,26.9,1092,Rice
Clay Soil,7.1,106,43,47,20.8,568.8,Wheat
Black Soil,7.5,81,58,50,22.5,560.8,Wheat
Clay Soil,7.4,112,59,101,29,1507.7,Rice
Clay Soil,5.2,102,48,117,28.5,1864.9,Rice
Red Soil,5.1,140,42,118,25,1721.3,Rice
Red Soil,7.3,149,66,100,29.7,2212.6,Rice
Black Soil,7.3,117,53,50,16,576.1,Wheat
Red Soil,5.3,136,52,82,34.2,2097.2,Rice
Alluvial Soil,7.2,95,46,72,28.8,1437.7,Rice
Red Soil,6.7,191,60,144,25.1,717.8,Maize
Red Soil,7.1,88,33,76,21,516.5,Wheat
Red Soil,6.7,154,88,112,21.6,1324.5,Maize
Clay Soil,6.5,101,53,108,29.9,2407.7,Rice
Black Soil,7.7,156,65,164,33.5,829.8,Cotton
Red Soil,7,125,43,117,33.4,2087.8,Rice
Red Soil,6.8,145,55,97,25.7,2323.8,Rice
Clay Soil,6.4,81,56,89,31.6,1189.5,Rice
Black Soil,7.6,219,119,139,34,987.8,Cotton
Alluvial Soil,7.4,89,40,101,29.2,2277.6,Rice
Red Soil,5.9,135,62,103,26.7,1069.5,Rice
Red Soil,6.8,113,50,69,34.3,2160.3,Rice
Black Soil,7.2,91,39,55,17,531.8,Wheat
Alluvial Soil,6.3,138,48,107,32,1139.9,Rice
Clay Soil,5.3,131,59,119,34.4,2305.3,Rice
Clay Soil,6.6,127,65,97,29.7,1240.9,Rice
Alluvial Soil,6.1,61,51,59,20.6,691.4,Wheat
Alluvial Soil,5.7,150,58,116,29.8,1262.4,Rice
Clay Soil,7.2,142,58,68,26.5,2196.9,Rice
Red Soil,5.9,91,69,77,27.6,1690.9,Rice
Red Soil,7,106,67,68,28.6,1081.7,Rice
Black Soil,7.9,150,66,157,28.4,975.7,Cotton
Red Soil,5.4,137,65,89,26,2334.8,Rice
Clay Soil,5.1,85,69,104,28.7,1777.4,Rice
Alluvial Soil,5.8,98,50,74,34.6,1685.5,Rice
Red Soil,5.9,166,96,81,24.6,1451.6,Maize
Alluvial Soil,6.5,102,53,120,25.1,788.1,Maize
Black Soil,6,222,119,109,26.8,560.9,Cotton
Black Soil,6.3,143,120,163,33.1,980.8,Cotton
Red Soil,5.7,94,69,110,26,1461.2,Rice
Alluvial Soil,5.4,96,52,70,25.3,2225.3,Rice
Alluvial Soil,7,141,62,136,29,618.9,Maize
Red Soil,5.2,98,46,68,25.8,1286.1,Rice
Alluvial Soil,6.7,179,60,112,28.6,1022.3,Maize
Red Soil,5.9,153,54,138,28.8,731.2,Maize
Clay Soil,6.5,98,55,43,20,556.6,Wheat
Alluvial Soil,6.1,181,92,131,25.5,1070.6,Maize
Clay Soil,6.4,62,39,62,21,621.4,Wheat
Red Soil,6.4,108,54,114,30.3,1493.9,Rice
Clay Soil,7,108,44,65,28.4,1135.1,Rice
Red Soil,6.3,182,72,92,20.3,704.1,Maize
Red Soil,5.4,83,46,113,26.7,2482,Rice
Alluvial Soil,6.5,116,46,92,25.9,2183.3,Rice
Red Soil,7.2,123,64,104,30.3,1952.5,Rice
Clay Soil,5.7,85,48,114,34.7,1738.4,Rice
Alluvial Soil,5.6,132,70,107,28.7,1140.2,Rice
Alluvial Soil,7.1,88,48,77,25.4,1831.3,Rice
Alluvial Soil,7.4,83,60,72,32.6,2057.3,Rice
Alluvial Soil,6.7,122,56,119,32.2,1498.3,Rice
Alluvial Soil,5.8,120,50,110,27.8,2459.2,Rice
Red Soil,5.1,139,40,63,27.4,1607.7,Rice
Black Soil,7.6,143,64,140,30.4,810.5,Cotton
Clay Soil,5.7,105,64,98,25.2,2257.7,Rice
Red Soil,6.8,130,86,138,24.4,1410.9,Maize
Alluvial Soil,6.1,153,84,114,21.4,1306.1,Maize
Alluvial Soil,6,131,69,83,26.8,609.1,Maize
Red Soil,6.7,61,53,52,23.2,547.9,Wheat
Black Soil,6.2,102,52,70,16.9,700,Wheat
Clay Soil,5,111,51,69,27.2,1285,Rice
Clay Soil,7.3,96,41,74,32.5,1123.3,Rice
Red Soil,6.5,95,54,102,26.9,1487.1,Rice
Alluvial Soil,7.5,94,60,111,31.2,1479,Rice
Alluvial Soil,7,86,40,108,32,1350.9,Rice
Red Soil,6.2,111,61,79,29.4,1966.6,Rice
Clay Soil,7.3,85,40,114,27.9,1141.8,Rice
Alluvial Soil,6.5,123,72,89,27.6,1190.5,Maize
Alluvial Soil,7.1,145,70,87,33.5,2218.2,Rice
Red Soil,7.1,86,56,47,16,864.2,Wheat
Clay Soil,6.3,114,68,113,33.5,2124.7,Rice
Alluvial Soil,6.6,105,80,89,22,1061.1,Maize
Alluvial Soil,5.3,114,40,67,32.3,2172.7,Rice
Alluvial Soil,6.1,115,55,110,33.3,2025.4,Rice
Alluvial Soil,7.4,147,67,66,32.9,1249.5,Rice
Alluvial Soil,5.9,97,62,112,34.8,1708.9,Rice
Red Soil,5.4,109,52,118,29.6,1023.3,Rice
Red Soil,6.6,101,58,49,18.6,664.6,Wheat
Black Soil,6.7,242,115,158,31.3,651.8,Cotton
Alluvial Soil,6.9,118,55,80,29.5,837.6,Maize
Red Soil,7.1,114,40,77,27,1903.9,Rice
Red Soil,6.1,163,50,142,29.9,961.2,Maize
Clay Soil,6.5,91,60,101,26.9,1089.4,Rice
Alluvial Soil,5.4,100,46,116,27.7,1555.3,Rice
Red Soil,6.4,116,44,62,30.5,1191.8,Rice
Alluvial Soil,6.2,97,65,111,33.7,2166.6,Rice
Clay Soil,6,127,48,66,27.9,1730.6,Rice
Black Soil,7.7,214,76,108,29.5,759.8,Cotton
Clay Soil,7.2,140,65,101,34.3,2153.1,Rice
Black Soil,7.5,247,81,146,33.6,969.9,Cotton
Alluvial Soil,7.3,105,52,117,33.8,1756.2,Rice
Black Soil,6.2,76,47,60,18.5,774,Wheat
Clay Soil,7.3,120,60,88,35,1165.7,Rice
Clay Soil,6.2,100,57,64,18.1,855,Wheat
Alluvial Soil,5.3,135,63,74,30.8,1371.4,Rice
Clay Soil,6.2,125,62,71,25.4,2166.7,Rice
Clay Soil,5.2,132,59,68,27.8,2098.5,Rice
Red Soil,7.1,121,43,64,33.8,1044,Rice
Alluvial Soil,5.4,94,54,62,33.3,2154.6,Rice
Alluvial Soil,5.4,124,66,104,32.1,1723.1,Rice
Clay Soil,7.3,80,67,102,25.3,1816.9,Rice
Alluvial Soil,6.1,103,62,136,21.4,1319.9,Maize
Red Soil,6.3,111,70,90,23.2,600.5,Maize
Black Soil,6.7,142,77,145,31.2,790.5,Cotton
Red Soil,6,200,88,113,27.6,1094.4,Maize
Red Soil,6.3,127,59,146,29.7,980.4,Maize
Clay Soil,6,116,52,86,28.8,2125.7,Rice
Clay Soil,7.5,103,63,117,28.7,1864.6,Rice
Alluvial Soil,6.8,101,100,143,22.6,1350.1,Maize
Clay Soil,6.2,118,54,89,32.2,1318.8,Rice
Black Soil,6.5,88,48,79,24.5,747.2,Wheat
Alluvial Soil,5.1,99,60,106,28.6,1047.4,Rice
Red Soil,5.1,109,60,108,25.1,1685.3,Rice
Red Soil,6.6,143,63,125,24.9,717.2,Maize
Alluvial Soil,6,104,39,64,21.2,871.5,Wheat
Clay Soil,7.2,135,43,89,30.9,1084.1,Rice
Alluvial Soil,6.6,118,33,59,19.8,747.9,Wheat
Clay Soil,6.3,138,44,84,27.1,1559.6,Rice
Black Soil,6.8,127,99,196,29.3,593.6,Cotton
Clay Soil,5.6,132,64,84,29.2,1840,Rice
Red Soil,6.2,103,33,61,18,770.1,Wheat
Clay Soil,5.9,112,45,115,27.3,1495.9,Rice
Red Soil,6.5,150,57,111,34.2,1209.8,Rice
Alluvial Soil,6.5,133,57,89,25.5,1351.2,Maize
Red Soil,7.4,149,41,113,32.3,2021.4,Rice
Clay Soil,7.5,92,62,97,31.6,1551.2,Rice
Clay Soil,7.4,84,64,72,32.4,1370.5,Rice
Alluvial Soil,7.4,149,67,90,25.6,2097.5,Rice
Red Soil,5.8,126,42,107,31.1,2166.1,Rice
Red Soil,6.9,87,62,103,26.9,1284.7,Rice
Clay Soil,6.8,96,43,64,31.3,2491.3,Rice
Alluvial Soil,6.9,69,47,60,22.1,836.4,Wheat
Red Soil,6.2,113,49,79,26.3,1595.6,Rice
Alluvial Soil,6.8,149,57,73,29.8,1283.9,Rice
Alluvial Soil,6.3,115,31,48,22.2,650.7,Wheat
Clay Soil,7.5,115,41,42,24.4,853.3,Wheat
Clay Soil,5.7,130,50,107,26.6,2151.6,Rice
Red Soil,6.9,135,43,113,26,1263.6,Rice
Alluvial Soil,5.5,100,51,107,28.8,1145,Rice
Red Soil,5.7,136,70,93,23.4,815.5,Maize
Alluvial Soil,5.9,117,58,86,33.1,1119.9,Rice
Alluvial Soil,7.1,90,55,64,29,2183.6,Rice
Red Soil,7.3,115,38,43,16.7,568.5,Wheat
Clay Soil,7.5,104,42,57,22.1,887.3,Wheat
Clay Soil,6,121,59,83,31.4,1621,Rice
Red Soil,6.5,124,66,111,33.6,2484.6,Rice
Black Soil,6.5,161,86,138,27.6,795.1,Cotton
Clay Soil,6.5,111,49,91,25.9,2172.3,Rice
Clay Soil,7.3,72,41,47,15.8,510.1,Wheat
Alluvial Soil,5.7,142,56,110,30.9,1300.8,Rice
Alluvial Soil,5.7,106,61,108,31.8,1231.7,Rice
Clay Soil,5.8,148,68,104,31.5,1987.5,Rice
Alluvial Soil,7.2,116,53,97,26.7,2443.8,Rice
Alluvial Soil,5.3,123,70,102,28.3,1034.1,Rice
Clay Soil,6.4,82,52,61,20,636.2,Wheat
Red Soil,7.1,112,65,85,26,1234.2,Rice
Clay Soil,6.5,90,62,61,34.7,1284.7,Rice
Clay Soil,5.6,107,62,102,32.1,1939.4,Rice
Alluvial Soil,6.7,147,52,99,34.1,1339.7,Rice
Alluvial Soil,7.5,124,62,69,30.7,1048.7,Rice
Alluvial Soil,7.3,132,44,82,25.9,1697.6,Rice
Alluvial Soil,6.9,115,66,62,34.5,1632.5,Rice
Clay Soil,5.7,149,52,78,31.2,2121.8,Rice
Red Soil,6.9,101,96,109,22.7,1335,Maize
Red Soil,7.2,82,69,67,28.1,1910,Rice
Clay Soil,6,141,40,76,33.4,1665.5,Rice
Alluvial Soil,5.5,136,60,118,33,1145.4,Rice
Red Soil,6.2,129,59,100,30.9,2463.4,Rice
Red Soil,6.5,84,70,94,31.4,2311.7,Rice
Red Soil,6.4,195,78,95,20.9,1176.6,Maize
Alluvial Soil,6.5,123,64,75,33.7,1446.5,Rice
Black Soil,6.7,96,54,72,20,740.9,Wheat
Red Soil,5.1,95,67,93,25.7,1801.3,Rice
Alluvial Soil,7.1,112,40,98,33.3,1084.9,Rice
Red Soil,7,83,49,52,16,575.4,Wheat
Clay Soil,6,116,48,111,32.3,2064.8,Rice
Alluvial Soil,6.8,123,87,107,27.1,1465.4,Maize
Alluvial Soil,5.4,133,46,76,27.4,1863.3,Rice
Alluvial Soil,5.1,96,49,106,34.5,1390.8,Rice
Alluvial Soil,5.9,171,84,118,28.7,1432.4,Maize
Red Soil,6.8,95,61,79,31.1,1396.1,Rice
Red Soil,7.4,134,46,95,29.1,1068.2,Rice
Alluvial Soil,5.1,97,59,110,28.4,1975.6,Rice
Red Soil,6.6,136,69,113,28.2,1475.3,Rice
Black Soil,7.1,98,46,57,24.8,607.3,Wheat
Alluvial Soil,5.2,135,45,100,34.6,1484.7,Rice
Clay Soil,6.3,114,33,80,16,636.6,Wheat
Clay Soil,6.5,125,63,90,28.8,2220.2,Rice
Red Soil,6.2,139,57,86,28.7,2115.6,Rice
Alluvial Soil,6.4,127,70,95,24.8,1477.8,Maize
Clay Soil,6.1,94,49,68,23,688.5,Wheat
Red Soil,6.5,112,44,46,17.3,805.5,Wheat
Alluvial Soil,5.7,130,49,107,31.5,1715.4,Rice
Red Soil,6.4,144,51,79,30.2,1735.9,Rice
Clay Soil,6.1,85,67,104,27.7,1824.9,Rice
Black Soil,7.8,141,105,174,30,918.4,Cotton
Alluvial Soil,5.3,124,40,70,30.4,1896.2,Rice
Clay Soil,6.4,80,61,87,28.7,2226.4,Rice
Clay Soil,6.6,92,52,52,24.3,891.7,Wheat
Clay Soil,5.9,139,65,72,26.5,1038.2,Rice
Red Soil,5.8,129,79,117,22.5,1171,Maize
Alluvial Soil,5.9,104,42,64,33,1434.8,Rice
Black Soil,7,126,89,129,33.1,744.8,Cotton
Clay Soil,5.2,117,49,116,33.3,1242.8,Rice
Clay Soil,6.1,85,48,74,28,1733.9,Rice
Clay Soil,5.5,144,59,63,33.8,2127.4,Rice
Clay Soil,5.6,102,54,95,26.6,1242.1,Rice
Alluvial Soil,6.5,115,87,138,23.7,1157.7,Maize
Alluvial Soil,6.2,104,61,77,30.3,1447.2,Rice
Alluvial Soil,6.1,170,68,113,22.7,1193.2,Maize
Black Soil,7.4,170,111,183,26,710.6,Cotton
Alluvial Soil,5.2,134,60,75,33,1982.3,Rice
Alluvial Soil,7.1,148,63,68,33.4,1126.2,Rice
Black Soil,6.3,116,52,76,19.9,598.7,Wheat
Clay Soil,5.3,80,65,62,28.4,2023.5,Rice
Red Soil,6.1,118,43,71,26.3,1429.6,Rice
Red Soil,6.6,131,51,93,21.8,1082.1,Maize
Red Soil,5,123,56,112,30.3,1449.8,Rice
Clay Soil,5.6,126,53,107,29.5,2316.6,Rice
Red Soil,6.8,107,43,111,34,1273.9,Rice
Clay Soil,6.6,95,44,61,26.7,2033.4,Rice
Clay Soil,7.5,110,48,95,30.8,2450.6,Rice
Alluvial Soil,5.5,156,65,107,22.6,1467.1,Maize
Clay Soil,5.5,89,56,112,26.2,1004.2,Rice
Black Soil,6.3,237,68,185,27.7,706.2,Cotton
Alluvial Soil,7.1,149,64,100,27,2491.6,Rice
Alluvial Soil,6.9,126,46,86,26.1,1856.8,Rice
Red Soil,6.1,170,58,95,23.7,789.5,Maize
Red Soil,5.6,96,44,72,33.3,1470.1,Rice
Clay Soil,6.4,120,60,116,27.4,2329.7,Rice
Clay Soil,6.3,108,55,60,28.2,1627.1,Rice
Alluvial Soil,5.9,121,53,90,32.5,2147.2,Rice
Red Soil,7,158,70,101,29,911,Maize
Black Soil,6,189,91,110,32.9,613.3,Cotton
Black Soil,6.8,227,75,137,29.7,540.6,Cotton
Alluvial Soil,6.8,114,42,81,29.3,2066.5,Rice
Red Soil,7.1,143,59,101,27.3,2357.4,Rice
Red Soil,7.4,99,55,66,25.7,1610.1,Rice
Red Soil,5.8,115,54,78,26.7,1959.2,Rice
Clay Soil,6.2,115,46,49,23.8,655.2,Wheat
Clay Soil,7.5,91,43,55,15.9,851.1,Wheat
Alluvial Soil,6.3,187,84,123,26.7,1291.3,Maize
Alluvial Soil,6.1,173,67,98,28.4,736.4,Maize
Alluvial Soil,5.9,131,59,63,25.4,1695.3,Rice
Red Soil,7.1,97,52,110,26.7,2276.5,Rice
Clay Soil,6.1,63,60,66,19,870.4,Wheat
Red Soil,6.8,74,39,62,19.4,515.2,Wheat
Black Soil,7.6,129,72,146,25.7,825.6,Cotton
Black Soil,6.2,86,60,74,18.2,688.9,Wheat
Red Soil,6.3,135,89,82,25.2,1237.9,Maize
Alluvial Soil,5.3,127,55,118,33.7,1571.1,Rice
Red Soil,5.1,98,55,91,28.3,1209.2,Rice
Clay Soil,5,93,70,76,25,1170,Rice
Red Soil,5.2,144,63,114,28.8,1317.1,Rice
Alluvial Soil,6,90,61,75,26.9,1704.8,Rice
Clay Soil,7.4,87,58,106,27.5,1876.9,Rice
Black Soil,7.5,67,30,67,20.5,538.3,Wheat
Red Soil,5.6,90,61,77,25.3,1564,Rice
Red Soil,6.1,109,58,67,34.9,1279.6,Rice
Red Soil,6.6,135,93,106,20.1,952,Maize
Alluvial Soil,7.3,106,52,120,32.9,1861.6,Rice
Black Soil,6.9,79,47,54,16.7,517.5,Wheat
Clay Soil,7.1,122,57,82,27.6,1099.5,Rice
Red Soil,6.2,101,89,143,20.4,656.1,Maize
Alluvial Soil,6.4,95,47,101,34.1,2020.7,Rice
Alluvial Soil,5.4,110,68,96,29.2,2098.7,Rice
Red Soil,6.5,194,76,95,23.9,746.7,Maize
Alluvial Soil,7.3,83,54,102,27.7,2092.2,Rice
Alluvial Soil,7.3,132,40,83,28.2,1915,Rice
Alluvial Soil,6.1,101,62,111,28.4,1085.6,Rice
Alluvial Soil,7.3,119,64,98,30.6,1110.2,Rice
Clay Soil,7,91,60,62,27.4,1708,Rice
Black Soil,7.5,63,56,43,21,620.5,Wheat
Red Soil,6.3,129,68,69,32.7,1265.1,Rice
Clay Soil,5.8,93,43,79,25.7,1347.7,Rice
Clay Soil,5.9,94,53,112,34.9,1727.5,Rice
Alluvial Soil,6.2,132,68,82,32.8,1461.6,Rice
Red Soil,6.2,109,68,110,33.6,1601.3,Rice
Black Soil,6.9,114,34,75,21.3,710.3,Wheat
Red Soil,6.1,114,97,128,20.1,955.4,Maize
Clay Soil,6.5,105,64,95,27.8,1957.9,Rice
Red Soil,6.4,116,57,112,32.8,1554.1,Rice
Alluvial Soil,6.1,131,53,120,32.2,1522.2,Rice
Alluvial Soil,5.2,148,58,81,31.1,2360.8,Rice
Clay Soil,7.5,118,61,89,34,1196.9,Rice
Alluvial Soil,5.2,125,52,69,33.7,1724.1,Rice
Alluvial Soil,5.8,115,67,87,23.9,1390.1,Maize
Alluvial Soil,6.1,136,49,78,25.8,1892.4,Rice
Clay Soil,6.9,105,45,110,33.9,2119.8,Rice
Red Soil,6.7,93,55,70,20.9,576.7,Wheat
Alluvial Soil,7,103,67,135,20,1240.7,Maize
Clay Soil,7.1,92,54,41,22.3,853.5,Wheat
Black Soil,6.6,186,79,173,33,761.5,Cotton
Clay Soil,6.7,90,56,40,22.3,823.6,Wheat
Alluvial Soil,6,182,50,119,23.1,1076.4,Maize
Alluvial Soil,5.3,83,60,60,26,2287.6,Rice
Red Soil,6.2,126,45,61,25.2,2182.5,Rice
Alluvial Soil,5.6,97,53,69,33.6,1416,Rice
Red Soil,6.2,141,63,84,26.9,2144.4,Rice
Red Soil,7.5,112,63,83,31.2,1454.9,Rice
Clay Soil,6.5,66,43,48,16.5,773.4,Wheat
Black Soil,6.2,174,68,116,30.2,522.4,Cotton
Clay Soil,7.5,92,68,103,30.8,1858.7,Rice
Alluvial Soil,6,72,39,53,15.3,625.3,Wheat
Alluvial Soil,5.1,147,61,64,30.8,2230.9,Rice
Clay Soil,6.4,67,60,59,18.3,712,Wheat
Black Soil,6.6,120,81,161,33.7,653.6,Cotton
Clay Soil,7,99,47,42,17,638,Wheat
Black Soil,7.4,97,51,65,23.1,672.5,Wheat
Alluvial Soil,5.1,86,40,65,30.2,1283.1,Rice
Red Soil,6.8,150,91,114,26.5,1000.7,Maize
Red Soil,7.2,139,57,60,29.8,1295.1,Rice
Clay Soil,7.4,85,60,92,33.7,2072,Rice
Alluvial Soil,6,200,68,132,25.5,898.2,Maize
Alluvial Soil,5.3,137,60,80,27.6,1394.8,Rice
Clay Soil,5.1,87,70,63,28.2,1466.5,Rice
Alluvial Soil,5.7,82,58,110,28.5,1519.8,Rice
Alluvial Soil,7,149,57,60,26.5,1128.1,Rice
Alluvial Soil,5.5,144,40,118,29.8,1111.9,Rice
Clay Soil,6.4,99,70,68,33.2,1142.1,Rice
Red Soil,6.5,148,77,80,24.7,1403.4,Maize
Red Soil,6.6,135,64,98,22.3,991.4,Maize
Clay Soil,7,90,63,83,35,1409.3,Rice
Alluvial Soil,6,161,55,145,21,1226.3,Maize
Clay Soil,5.5,135,57,79,27.3,2217.8,Rice
Alluvial Soil,6.7,138,68,88,28.2,1952.1,Rice
Alluvial Soil,6,120,66,74,30.4,1168.8,Rice
Clay Soil,7,122,68,97,31.2,2461.4,Rice
Red Soil,5.5,102,60,75,25.5,2144.3,Rice
Red Soil,7.5,97,51,90,29.4,1288.8,Rice
Alluvial Soil,5.9,132,40,62,32.7,1241.5,Rice
Alluvial Soil,6.2,148,56,74,33.4,1994.5,Rice
Alluvial Soil,5.1,132,58,96,26.2,1253.3,Rice
Alluvial Soil,5.2,82,63,72,29,1905.6,Rice
Alluvial Soil,5.7,162,75,97,24.7,1259.9,Maize
Clay Soil,6.7,82,45,63,26.7,1010.2,Rice
Red Soil,6.7,92,59,95,32.1,1478.3,Rice
Red Soil,5.9,121,41,63,31.4,1649.2,Rice
Alluvial Soil,7.3,112,31,77,19.6,626.6,Wheat
Alluvial Soil,5.5,88,41,95,30.5,1339.8,Rice
Alluvial Soil,5.5,125,45,106,33.9,1405.4,Rice
Black Soil,6.9,113,46,68,23.1,603.3,Wheat
Red Soil,6.7,94,52,71,19.2,879.2,Wheat
Alluvial Soil,7,148,66,121,27.5,1473.5,Maize
Red Soil,5.3,114,62,64,34.4,2224.7,Rice
Red Soil,7.4,108,47,93,30.1,1873.6,Rice
Clay Soil,6.1,148,60,91,31.9,1057,Rice
Alluvial Soil,6.8,129,61,101,34.6,1154.4,Rice
Red Soil,6.8,113,44,60,16.2,719.1,Wheat
Red Soil,5.8,157,74,96,21.5,1224.6,Maize
Black Soil,7.3,156,62,135,28.3,621.3,Cotton
Alluvial Soil,6.2,183,93,120,28.4,869.7,Maize
Alluvial Soil,6.1,166,77,146,22.5,1061.3,Maize
Red Soil,6.4,86,67,108,26.1,1482.2,Rice
Alluvial Soil,6.9,160,75,119,24,878.5,Maize
Clay Soil,7.3,62,60,66,20.2,793.2,Wheat
Clay Soil,7.4,81,56,117,26.6,1474.8,Rice
Alluvial Soil,5.3,107,45,107,26.9,1305.3,Rice
Alluvial Soil,6.8,143,47,81,27.2,2188.9,Rice
Alluvial Soil,6.9,141,62,103,31.3,2419.8,Rice
Alluvial Soil,5.9,93,42,92,33.4,1595.1,Rice
Black Soil,7.4,141,107,166,34.4,826.6,Cotton
Black Soil,7.4,100,55,60,18.6,827.5,Wheat
Alluvial Soil,7.5,131,46,71,29.6,2246.6,Rice
Clay Soil,7.5,119,51,45,20.7,617.8,Wheat
Alluvial Soil,6.1,114,58,66,27,2238.3,Rice
Alluvial Soil,5.3,127,56,83,31.8,2477.5,Rice
Clay Soil,5.8,135,47,66,29.3,1947.4,Rice
Red Soil,6.2,115,66,86,20.2,1359.8,Maize
Alluvial Soil,6,92,69,88,26.2,1920,Rice
Red Soil,7.4,92,63,74,34.1,1983.2,Rice
Clay Soil,5.4,83,40,85,30.4,2044.4,Rice
Clay Soil,7.4,137,54,100,26.7,2285.6,Rice
Red Soil,5.5,128,41,77,34.4,2469,Rice
Red Soil,6.6,69,41,54,24.4,500.9,Wheat
Alluvial Soil,7,197,96,118,21,1435,Maize
Black Soil,7.4,156,61,168,31,852.3,Cotton
Red Soil,7.5,89,52,103,30.7,2313.5,Rice
Alluvial Soil,7.1,119,47,110,26.3,1556.7,Rice
Red Soil,5.6,171,68,120,25.3,673.2,Maize
Red Soil,6.1,129,65,116,34,2235.4,Rice
Black Soil,7.7,248,78,145,31.5,688.8,Cotton
Red Soil,5.6,111,67,104,34.1,1279.2,Rice
Alluvial Soil,6.8,88,35,40,20.8,526.3,Wheat
Alluvial Soil,7,142,55,69,29.8,2265.4,Rice
Alluvial Soil,6.8,149,55,74,30.6,1528,Rice
Clay Soil,6.9,107,55,91,25.6,1900,Rice
Red Soil,5,108,67,88,26.8,1699.4,Rice
Red Soil,7.2,95,50,71,16.6,883.8,Wheat
Alluvial Soil,5.7,140,53,110,31.6,1788.8,Rice
Black Soil,7.4,166,74,129,31.7,809.1,Cotton
Clay Soil,6,80,50,109,27.3,1888.1,Rice
Clay Soil,6.5,132,48,93,34.6,2103.9,Rice
Clay Soil,6.3,106,40,80,34.6,2126.7,Rice
Red Soil,6.6,144,49,82,26.8,1877.9,Rice
Alluvial Soil,5.4,111,46,78,25.4,1013.9,Rice
Alluvial Soil,5.4,127,58,116,31,1403.7,Rice
Alluvial Soil,7.2,137,66,71,30.1,2157.2,Rice
Clay Soil,6.4,80,61,97,33.5,1080.4,Rice
Alluvial Soil,6.4,104,91,133,29.6,627.7,Maize
Red Soil,5.8,108,68,119,34.4,1760.9,Rice
Clay Soil,5.1,124,62,111,31.3,1680.8,Rice
Red Soil,6.4,132,60,112,32.4,2170.3,Rice
Red Soil,6.9,132,69,104,20.5,1001.4,Maize
Clay Soil,7,114,66,81,30.6,1907.4,Rice
Red Soil,5.5,105,68,101,27.8,1588.3,Rice
Red Soil,6.2,124,91,108,25.7,696.7,Maize
Red Soil,5.1,124,40,92,29.6,1245.7,Rice
Red Soil,6.9,182,67,109,27.8,665.6,Maize
Clay Soil,6.5,87,40,68,25.8,1944.3,Rice
Clay Soil,5.9,84,57,62,33.5,1052.8,Rice
Black Soil,6,120,35,41,20.5,539.3,Wheat
Red Soil,5.3,101,56,73,29.7,1016,Rice
Red Soil,6.4,122,60,74,25.3,1800,Rice
Alluvial Soil,7.5,142,58,108,35,1869.1,Rice
Clay Soil,5.1,94,55,72,30.2,2196.1,Rice
Alluvial Soil,5.3,124,52,83,29.3,1756,Rice
Alluvial Soil,7.4,130,68,72,29.3,1407.6,Rice
Alluvial Soil,6.7,108,68,121,27.8,1093.2,Maize
Alluvial Soil,7.1,92,46,68,30,1388.8,Rice
Alluvial Soil,5.2,144,44,62,33.4,2062.9,Rice
Alluvial Soil,6.8,126,64,110,25.7,2477.6,Rice
Clay Soil,7.3,111,69,96,33.3,1290.8,Rice
Alluvial Soil,6.7,102,60,75,34,1743.1,Rice
Red Soil,6.9,101,58,69,32,1765.9,Rice
Clay Soil,6.1,105,47,61,15.9,651.5,Wheat
Alluvial Soil,5.1,82,41,104,26.3,1533.1,Rice
Clay Soil,6.9,144,41,68,33.2,1803.8,Rice
Alluvial Soil,6.7,113,52,68,29.6,1077,Rice
Red Soil,7.5,143,69,115,32.8,1723.1,Rice
Black Soil,6,208,65,164,30.4,978.7,Cotton
Red Soil,5.9,122,99,93,25.4,941.7,Maize
Red Soil,6.6,89,61,67,33.1,2067.5,Rice
Clay Soil,5.1,123,65,68,25.5,1465.4,Rice
Clay Soil,5.2,80,46,82,26.6,2115.4,Rice
Red Soil,6.5,143,52,149,26.3,1437.6,Maize
Clay Soil,7.4,67,44,58,22.8,649.5,Wheat
Alluvial Soil,7.5,135,56,99,27.8,1301.7,Rice
Clay Soil,7.1,96,43,48,24.5,894.1,Wheat
Alluvial Soil,5.6,172,56,95,26.2,895.7,Maize
Clay Soil,6.5,132,61,108,34.7,2195.9,Rice
Clay Soil,5.7,133,68,104,27.4,2156,Rice
Alluvial Soil,7.1,101,58,113,31.1,1180.9,Rice
Red Soil,6.5,114,47,81,30.5,1693.5,Rice
Red Soil,5.4,128,46,89,30.7,2010.3,Rice
Clay Soil,6,116,46,67,25.3,1882.4,Rice
Red Soil,6.5,146,69,77,26.8,1143.1,Rice
Clay Soil,6.5,106,45,59,16,673.7,Wheat
Alluvial Soil,5.9,186,70,142,27.1,729.9,Maize
Clay Soil,6.8,129,67,71,31.5,2355.9,Rice
Alluvial Soil,6.5,111,50,96,26.4,2251.8,Rice
Red Soil,7,113,31,63,15.3,512.7,Wheat
Alluvial Soil,6.5,141,50,82,32.4,1637.9,Rice
Red Soil,7.1,93,47,57,21.1,798.8,Wheat
Red Soil,7,87,56,83,31.8,1902.5,Rice
Red Soil,7,193,69,97,24.1,1244.2,Maize
Clay Soil,6.8,85,59,60,21,567.9,Wheat
Clay Soil,6.7,76,32,73,23.4,552.9,Wheat
Alluvial Soil,5.8,112,47,91,29.2,1430.3,Rice
Red Soil,7.4,115,36,46,15.1,638.8,Wheat
Alluvial Soil,6.7,191,68,86,26.8,765.7,Maize
Alluvial Soil,5.6,136,64,62,26.8,1109.8,Rice
Clay Soil,6.9,110,68,118,25.7,1355,Rice
Clay Soil,6.2,146,64,84,33.9,2079.9,Rice
Red Soil,5.6,94,66,109,32.7,1810.6,Rice
Red Soil,6.2,120,83,122,29.5,1183.5,Maize
Red Soil,5.5,147,67,81,26.4,1166.8,Maize
Red Soil,5.7,86,56,95,32.7,1689.4,Rice
Clay Soil,5,150,47,101,31.6,2234.4,Rice
Alluvial Soil,6.9,113,42,63,23.5,573.3,Wheat
Red Soil,7.1,128,66,120,27.5,2385.5,Rice
Red Soil,6.6,112,41,70,30.5,1770.2,Rice
Alluvial Soil,6.2,117,87,129,24.5,1182.5,Maize
Clay Soil,5.2,93,56,108,29.9,2406.5,Rice
Clay Soil,7.1,123,62,116,33.1,1229.5,Rice
Red Soil,5.2,138,52,100,32.1,1602.3,Rice
Black Soil,6.1,142,70,172,29.4,909.1,Cotton
Red Soil,5.1,126,43,120,30.7,1561.7,Rice
Red Soil,7,125,47,120,26,1711.9,Rice
Alluvial Soil,7,121,48,65,33.8,2052.9,Rice
Red Soil,5.6,135,82,135,26.5,643.6,Maize
Alluvial Soil,6.7,120,68,65,26.9,2018.5,Rice
Alluvial Soil,6.8,124,84,144,29.2,997.9,Maize
Red Soil,6.1,121,57,135,24.5,1042.3,Maize
Alluvial Soil,5.8,126,97,103,29.6,1040.1,Maize
Clay Soil,6.1,109,58,84,32.1,1283.8,Rice
Clay Soil,7.3,89,64,109,33.5,2429.9,Rice
Clay Soil,7.1,106,60,68,30.4,1746.6,Rice
Clay Soil,6.3,75,33,50,16.6,589.8,Wheat
Clay Soil,7,75,52,56,18,657.5,Wheat
Red Soil,5.8,180,72,87,20,1151.4,Maize
Clay Soil,5.7,141,58,108,28.4,2314.8,Rice
Red Soil,6.9,85,69,102,28.6,2205.9,Rice
Red Soil,7,106,49,78,31.4,2457.8,Rice
Clay Soil,6.7,104,33,49,17.7,560.5,Wheat
Alluvial Soil,6.9,146,76,130,20.4,1463.1,Maize
Red Soil,5.1,89,40,108,27.7,1988.2,Rice
Alluvial Soil,5.8,136,58,103,22,705.3,Maize
Black Soil,6.3,123,97,159,33.9,606,Cotton
Alluvial Soil,6.5,88,43,56,19.4,797.1,Wheat
Red Soil,6,84,68,112,26.9,1703.9,Rice
Clay Soil,6.9,88,46,57,24.7,714.2,Wheat
Alluvial Soil,7.2,121,61,91,30.6,1141.2,Rice
Clay Soil,6,77,55,79,19.6,732.6,Wheat
Red Soil,6.6,193,79,121,28.3,1265.7,Maize
Clay Soil,6.3,117,50,62,34.3,1511.7,Rice
Clay Soil,6.1,104,50,80,26.6,1812.7,Rice
Red Soil,6.4,121,54,90,31.3,1747.3,Rice
Alluvial Soil,6.3,62,45,78,18.6,735,Wheat
Clay Soil,7.3,134,42,95,31.7,1941.6,Rice
Clay Soil,5.7,133,40,104,31.2,1616.8,Rice
Alluvial Soil,6.3,93,42,104,29.2,2478.4,Rice
Alluvial Soil,6.3,82,39,64,19.1,547.8,Wheat
Black Soil,6.9,85,39,50,19.8,755.1,Wheat
Red Soil,5.7,137,56,68,34.7,1680.1,Rice
Black Soil,7.7,127,69,146,30.6,989.6,Cotton
Red Soil,6.9,123,71,96,27.2,795,Maize
Alluvial Soil,7.1,97,54,116,29.2,2333.7,Rice
Alluvial Soil,6.8,180,54,96,21.7,1285.1,Maize
Black Soil,6.1,241,65,133,26.9,540.1,Cotton
Clay Soil,6.7,148,45,61,28.5,2396.8,Rice
Alluvial Soil,5,113,66,116,31.2,2462.4,Rice
Alluvial Soil,6.3,114,56,71,30,1514.5,Rice
Alluvial Soil,6.2,153,84,131,29.6,959.6,Maize
Red Soil,6.8,141,68,85,32.7,1309.3,Rice
Red Soil,5.7,143,63,148,22.9,668.6,Maize
Alluvial Soil,6.6,147,50,68,32,1617.4,Rice
Red Soil,6,90,52,92,29.6,1957.9,Rice
Clay Soil,6.2,131,57,81,32.4,2489.3,Rice
Red Soil,6.3,88,52,87,27.9,1039.9,Rice
Red Soil,5.9,139,61,96,29.8,1930.3,Rice
Clay Soil,5.2,132,63,87,25,2322.6,Rice
Alluvial Soil,5.4,107,69,103,33.5,1693.8,Rice
Red Soil,5.9,139,42,80,27.4,2497.9,Rice
Red Soil,5.5,194,60,99,24.8,1207.6,Maize
Alluvial Soil,6.4,169,57,144,28.7,971.2,Maize
Clay Soil,6.6,123,55,65,26.6,1790.3,Rice
Red Soil,6.9,109,51,114,34.2,2238.3,Rice
Alluvial Soil,6.4,138,91,133,21.8,1268.9,Maize
Red Soil,6.2,146,42,75,31.7,1904.8,Rice
Clay Soil,5.6,90,59,84,27.2,1934.3,Rice
Alluvial Soil,7.3,110,37,80,17.7,730.7,Wheat
Clay Soil,5.4,140,70,111,28.2,1476.2,Rice
Red Soil,6.4,133,51,111,28.6,1711.6,Rice
Clay Soil,5.5,102,54,113,28.8,2381.8,Rice
Alluvial Soil,6.5,113,41,75,34.4,1494,Rice
Red Soil,7.4,108,51,88,25.2,1230.1,Rice
Alluvial Soil,7,162,94,130,29,1339.9,Maize
Red Soil,6.4,148,56,81,32.5,1854.4,Rice
Alluvial Soil,6.2,131,53,95,29.4,2398.2,Rice
Red Soil,6.2,102,47,45,23.1,561.8,Wheat
Alluvial Soil,5.5,142,43,111,26.5,2286.6,Rice
Red Soil,6.6,128,61,75,25.2,1960,Rice
Red Soil,7.4,100,55,67,30.5,2490.3,Rice
Red Soil,6.4,93,46,116,30.8,2230.2,Rice
Alluvial Soil,5.1,116,69,93,34.8,1026.2,Rice
Alluvial Soil,7.3,148,67,61,27.2,2064.5,Rice
Red Soil,5.5,188,98,101,23.5,1182.8,Maize
Black Soil,7.7,154,107,174,33,833.3,Cotton
Red Soil,6.9,129,47,71,33.5,2330.7,Rice
Alluvial Soil,6.8,159,73,101,23.5,891.5,Maize
Clay Soil,5.3,93,58,70,25.2,1559.6,Rice
Black Soil,7,174,102,149,31.1,700.9,Cotton
Clay Soil,7,89,59,70,25.7,2206.2,Rice
Clay Soil,5.9,128,61,113,35,2126.2,Rice
Red Soil,6.5,167,81,80,25.7,873.6,Maize
Clay Soil,6.1,116,67,60,34.6,1587.5,Rice
Clay Soil,6.7,125,56,87,33.4,2147.8,Rice
Clay Soil,5.9,119,57,68,26,2162.7,Rice
Red Soil,6.5,130,77,131,28.9,703.7,Maize
Alluvial Soil,7.3,95,41,73,31.8,2407.7,Rice
Alluvial Soil,6,148,63,89,26.9,2275.2,Rice
Clay Soil,6.7,116,61,86,31,2163.1,Rice
Alluvial Soil,6,150,56,85,34.9,1753.2,Rice
Red Soil,6.9,104,63,69,27.7,2413.4,Rice
Alluvial Soil,6.9,81,58,85,31,1220.4,Rice
Black Soil,6.4,94,40,47,19.2,889.1,Wheat
Red Soil,7.2,126,56,71,35,2051.7,Rice
Alluvial Soil,5.2,105,70,95,30.8,1240,Rice
Red Soil,5.4,145,44,102,27,2155.9,Rice
Alluvial Soil,7.2,92,69,116,26.7,1557.1,Rice
Alluvial Soil,5.5,133,41,91,27.8,1338.6,Rice
Alluvial Soil,7.3,89,50,109,32.8,1255.9,Rice
Alluvial Soil,7.5,125,55,86,27.6,1219,Rice
Clay Soil,6,138,46,99,25.1,1772.6,Rice
Red Soil,6.1,189,93,121,24.3,1351.5,Maize
Black Soil,6.6,173,62,192,27.5,723,Cotton
Red Soil,6.5,157,86,131,29.3,798.2,Maize
Red Soil,5.7,85,49,112,34.2,1804.1,Rice
Alluvial Soil,7.3,82,64,87,30.2,1042.2,Rice
Black Soil,6.2,239,120,131,26.7,710.5,Cotton
Clay Soil,7,127,57,75,34.7,1455,Rice
Red Soil,5,137,62,67,25.9,1318.5,Rice
Alluvial Soil,5.9,146,52,144,27.7,1131.2,Maize
Alluvial Soil,6.4,144,66,137,28.1,1454.8,Maize
Black Soil,6.5,160,93,145,30.8,780.1,Cotton
Clay Soil,6.7,129,64,63,31.7,2388.7,Rice
Alluvial Soil,6.2,131,50,85,32,2426.8,Rice
Alluvial Soil,7.2,82,62,68,28.1,1855.2,Rice
Alluvial Soil,6.5,74,59,44,21.1,632.4,Wheat
Red Soil,6.5,105,43,75,27.8,2249.3,Rice
Red Soil,7.5,104,47,76,33.3,1120,Rice
Red Soil,5.1,121,59,107,28.3,2227,Rice
Clay Soil,6.7,149,68,91,29,2322.8,Rice
Red Soil,6.9,143,51,137,23.7,1407.1,Maize
Clay Soil,5.2,97,40,92,34.2,1020.4,Rice
Black Soil,6.8,66,60,54,15.8,832.5,Wheat
Black Soil,7.4,200,68,191,30.9,824.9,Cotton
Clay Soil,6.9,89,55,87,34.4,1168.8,Rice
Alluvial Soil,5.7,130,61,95,30.3,1347.5,Rice
Red Soil,7.4,81,61,61,31.5,2293.7,Rice
Red Soil,6.2,98,59,93,26.4,2473.7,Rice
Clay Soil,6.7,86,48,61,29.2,1296.9,Rice
Red Soil,7.3,107,45,91,32.9,2137.4,Rice
Clay Soil,7.3,83,56,67,19.7,592.8,Wheat
Clay Soil,5.2,148,42,91,30.3,2086.9,Rice
Red Soil,6.1,98,46,105,28.5,1666,Rice
Black Soil,7.3,123,116,172,25.9,548.9,Cotton
Clay Soil,5.6,100,70,88,28.3,1708.7,Rice
Clay Soil,7.2,137,69,71,29.9,1603.7,Rice
Alluvial Soil,5.4,134,47,111,34.3,2211.1,Rice
Clay Soil,5.6,80,40,120,30,1829.4,Rice
Alluvial Soil,6.4,112,70,143,21.6,927.5,Maize
Alluvial Soil,5.6,139,57,79,31.3,1579.9,Rice
Black Soil,6.6,65,36,45,17.4,609.8,Wheat
Alluvial Soil,7.2,133,60,100,34.5,2318.2,Rice
Clay Soil,6.8,84,36,57,21,799.6,Wheat
Red Soil,6.4,114,54,105,31.7,1489.2,Rice
Alluvial Soil,5.9,108,52,105,33.4,1875.9,Rice
Alluvial Soil,7.3,99,52,95,30.5,1367.3,Rice
Red Soil,6.3,149,49,95,30.7,1649.1,Rice
Red Soil,6.1,111,76,126,29.8,1125.8,Maize
Alluvial Soil,6.7,92,58,103,26.8,2091.2,Rice
Black Soil,7,88,38,68,20.6,823.5,Wheat
Alluvial Soil,5.3,107,64,103,31.1,1209.8,Rice
Red Soil,5.3,144,51,72,31.5,1059.3,Rice
Black Soil,6.2,88,34,77,19,576.5,Wheat
Red Soil,7.4,121,47,61,29.8,1531.4,Rice
Red Soil,5.5,146,50,102,25.4,2100.3,Rice
Clay Soil,6.4,86,56,119,35,1850.9,Rice
Alluvial Soil,5.4,101,59,110,32.4,1799.5,Rice
Clay Soil,6.3,141,64,80,32.9,1268.9,Rice
Clay Soil,6,123,52,104,33.9,1145.6,Rice
Red Soil,5.2,126,59,103,27.4,1798.6,Rice
Red Soil,5.3,111,43,104,29.8,1644.2,Rice
Red Soil,5.7,117,64,76,34.9,1959.5,Rice
Alluvial Soil,5.7,157,77,99,29.8,1431.3,Maize
Red Soil,5.4,92,45,68,32.8,2445.3,Rice
Alluvial Soil,5.8,86,50,104,28.2,1667,Rice
Clay Soil,6.9,119,53,119,25.5,2356.3,Rice
Red Soil,6.2,149,92,147,26.4,1416.4,Maize
Alluvial Soil,6.4,98,54,80,27.8,2258.8,Rice
Alluvial Soil,5.9,135,51,108,31.9,2115.8,Rice
Red Soil,7.1,100,47,76,23.8,697.5,Wheat
Clay Soil,7.2,103,44,55,15.7,746.7,Wheat
Red Soil,7.4,140,51,109,32.1,2436,Rice
Clay Soil,6.4,119,49,68,34.8,2232.3,Rice
Alluvial Soil,7.5,127,46,91,32.8,1717.3,Rice
Alluvial Soil,6.1,101,53,66,26.5,1954.2,Rice
Black Soil,6.7,181,89,161,35,830.4,Cotton
Red Soil,6.8,147,50,73,33.5,2048,Rice
Red Soil,5.3,127,66,67,32.3,2349.8,Rice
Clay Soil,5.9,122,56,99,27.3,1718,Rice
Alluvial Soil,6.7,159,100,114,22.1,818.1,Maize
Alluvial Soil,7.5,133,64,81,31.5,1170.4,Rice
Clay Soil,6.3,125,51,78,32.8,2207.1,Rice
Red Soil,7.3,85,32,54,24.8,645.3,Wheat
Alluvial Soil,5.6,129,62,62,27.8,2061.9,Rice
Alluvial Soil,7.2,89,45,67,27.4,1501.2,Rice
Black Soil,7.6,182,80,178,29.1,710.3,Cotton
Clay Soil,7.2,64,31,63,21.3,570.3,Wheat
Red Soil,6.2,88,56,69,19.5,726.8,Wheat
Clay Soil,5.3,149,67,63,29.7,1511.5,Rice
Alluvial Soil,6.1,142,66,75,31.1,1901.7,Rice
Clay Soil,5.9,99,57,113,30,2499,Rice
Alluvial Soil,6.9,190,100,110,25,1244.2,Maize
Clay Soil,6.1,98,51,86,28.8,1071,Rice
Alluvial Soil,6.6,127,69,117,28.2,1966.2,Rice
Alluvial Soil,6.6,138,54,88,30.2,2238.8,Rice
Alluvial Soil,5.7,128,57,92,34.6,1805.5,Rice
Black Soil,7.4,205,120,190,31,974,Cotton
Clay Soil,6.4,87,46,102,30.7,1378.1,Rice
Red Soil,5.6,93,49,90,30.3,1968.1,Rice
Red Soil,6.9,115,42,106,26.9,1222.3,Rice
Clay Soil,7.2,61,33,45,20.9,810,Wheat
Clay Soil,7.5,128,69,83,32.1,2144.9,Rice
Clay Soil,7.3,98,60,115,29.7,2089,Rice
Red Soil,5.2,112,53,96,29,2287.8,Rice
Black Soil,6.6,64,56,43,18.6,872.5,Wheat
Red Soil,7.2,120,44,112,31.2,1576.5,Rice
Red Soil,5.5,134,53,63,34,1635.2,Rice
Red Soil,5.4,98,48,76,33.2,2282.6,Rice
Red Soil,6.5,155,96,150,29.4,1251.9,Maize
Black Soil,6.7,112,42,67,17.3,573.6,Wheat
Alluvial Soil,6.9,144,56,80,25.1,2276.5,Rice
Red Soil,6.6,128,65,118,34,2002.9,Rice
Red Soil,5.5,162,67,104,25.3,927.2,Maize
Alluvial Soil,5.2,141,46,110,25.4,1459.8,Rice
Red Soil,6.4,93,56,68,17.8,701.6,Wheat
Red Soil,5.6,149,59,79,31.6,1036,Rice
Red Soil,5.7,117,53,84,31.6,1478.2,Rice
Clay Soil,5.3,99,45,106,32.1,2233.1,Rice
Black Soil,6.7,151,90,136,26.1,982.5,Cotton
Alluvial Soil,6.3,197,82,135,20.8,1195.6,Maize
Alluvial Soil,6.1,131,57,111,27.2,2380.8,Rice
Clay Soil,6.3,114,65,66,31,1348.6,Rice
Red Soil,6.6,89,68,67,30.5,1387.2,Rice
Clay Soil,5.3,110,47,86,25.1,1403.7,Rice
Alluvial Soil,7.5,107,50,71,28,1743.1,Rice
Clay Soil,5.1,100,67,65,34.7,2415.7,Rice
Alluvial Soil,6.5,185,94,127,24,1494.3,Maize
Red Soil,6.1,131,77,132,22.4,1222.1,Maize
Alluvial Soil,6.1,61,36,46,21.8,620.7,Wheat
Red Soil,7.1,126,50,88,25.6,1257,Rice
Alluvial Soil,7.3,97,45,57,15,743.6,Wheat
Alluvial Soil,6.9,130,66,96,32.4,1048.8,Rice
Red Soil,5.6,166,58,142,26,916.4,Maize
Red Soil,6.1,115,51,115,23,973.4,Maize
Red Soil,5.8,122,57,66,28.2,1530.2,Rice
Red Soil,6.3,60,54,65,15.2,784.6,Wheat
Black Soil,7.4,109,56,59,20.8,768.9,Wheat
Red Soil,6.4,88,44,117,25.7,2496.2,Rice
Red Soil,7.4,124,63,70,27.9,1525.2,Rice
Clay Soil,7.5,84,56,56,16.4,632,Wheat
Black Soil,7,120,53,80,21.8,553.5,Wheat
Red Soil,7,107,91,120,25.9,1247.9,Maize
Alluvial Soil,5.1,138,56,79,33,1659.4,Rice
Clay Soil,7.2,135,55,96,33.2,2423.8,Rice
Clay Soil,7.4,67,33,68,24.8,763.5,Wheat
Red Soil,6.2,150,62,65,30.9,1515.9,Rice
Red Soil,6.5,121,41,63,25,1955.2,Rice
Clay Soil,6.2,126,65,60,29,1669.3,Rice
Clay Soil,6.5,94,63,94,31.1,1647.2,Rice
Red Soil,7.5,116,51,43,19.3,538.8,Wheat
Alluvial Soil,7,139,66,61,33.5,1207,Rice
Clay Soil,6.1,120,44,120,34.7,1133.3,Rice
Clay Soil,7.1,81,66,88,27.8,2424.5,Rice
Alluvial Soil,7,148,65,108,28.2,1440.1,Rice
Clay Soil,7.3,103,62,84,34.4,1540.5,Rice
Clay Soil,7.3,110,66,114,27.9,1739.9,Rice
Red Soil,6,112,48,89,34.4,1254,Rice
Red Soil,6.7,93,59,83,31.9,1276.7,Rice
Black Soil,7.6,135,111,118,34.7,590.4,Cotton
Alluvial Soil,5.7,147,45,83,31.7,1737.2,Rice
Alluvial Soil,5.6,97,51,73,33.8,2486,Rice
Clay Soil,6.3,114,46,69,34.2,1689.1,Rice
Clay Soil,6,123,41,82,32.5,2127,Rice
Clay Soil,6.3,78,30,55,24.7,541.9,Wheat
Black Soil,6.9,100,59,76,15.6,853.5,Wheat
Black Soil,7.2,237,60,180,29.2,537.9,Cotton
Clay Soil,6.8,130,63,102,33.3,2133.4,Rice
Red Soil,7.1,115,39,58,21,728.2,Wheat
Red Soil,6.8,140,70,100,25.9,1545.7,Rice
Black Soil,6.8,129,84,199,34.5,605.9,Cotton
Red Soil,5.5,105,45,99,32,1583.8,Rice
Clay Soil,6.2,83,40,85,27.8,1031.7,Rice
Alluvial Soil,5.8,101,40,109,25.7,1519.8,Rice
Clay Soil,5.9,122,67,100,32,2024.4,Rice
Alluvial Soil,6.2,141,52,63,34.1,1428.7,Rice
Clay Soil,6.3,121,67,114,25.9,1596.6,Rice
Black Soil,7.3,162,103,198,30.7,693.1,Cotton
Alluvial Soil,6.8,138,54,77,25.8,2358.9,Rice
Black Soil,7.6,239,112,198,32.4,585.8,Cotton
Red Soil,6,109,60,80,30.6,2270.2,Rice
Black Soil,6.6,204,116,183,29.6,846.4,Cotton
Red Soil,5.7,146,50,131,26,893.5,Maize
Clay Soil,7.4,82,45,82,32.6,2197.5,Rice
Clay Soil,7.4,91,41,60,28.9,1544.1,Rice
Alluvial Soil,6.3,137,44,96,33.2,1458.5,Rice
Red Soil,6.2,179,54,94,27.7,967.2,Maize
Red Soil,6,170,71,111,29.8,648.8,Maize
Red Soil,5.7,160,57,123,26.7,1426.2,Maize
Red Soil,5.8,105,55,115,31.3,1780.4,Rice
Clay Soil,5.4,87,48,104,29.9,2106.2,Rice
Black Soil,6.9,191,61,189,30.6,528.7,Cotton
Red Soil,5.8,96,70,109,28.8,1304.5,Rice
Alluvial Soil,6.6,133,40,101,26.9,1940.3,Rice
Red Soil,7.2,93,54,68,28.2,2428,Rice
Alluvial Soil,6.4,173,61,120,27.1,1397,Maize
Clay Soil,7.2,97,55,88,34,1995.9,Rice
Alluvial Soil,5.4,147,53,103,32.6,1679.9,Rice
Alluvial Soil,7.1,116,60,83,28.2,2260.7,Rice
Black Soil,7.2,108,59,54,21.9,609.6,Wheat
Clay Soil,5.6,109,67,112,29,1614.8,Rice
Red Soil,6.9,117,36,45,17.9,743.2,Wheat
Alluvial Soil,7.3,108,68,90,27.4,2294.5,Rice
Clay Soil,6.7,117,40,120,34.1,2070.7,Rice
Red Soil,5.6,83,68,70,26.7,1302.7,Rice
Alluvial Soil,6.6,107,65,75,34.1,1083.7,Rice
Alluvial Soil,5.2,148,61,73,31,1540.4,Rice
Red Soil,6.2,114,81,99,26.1,820.9,Maize
Red Soil,7.2,81,69,76,31.6,1850.9,Rice
Alluvial Soil,5.6,130,63,91,32.4,1158.1,Rice
Red Soil,6.7,189,59,131,25.2,1100.3,Maize
Clay Soil,7.5,104,67,107,26.3,1885.4,Rice
Clay Soil,5.2,83,57,62,28.3,1618.8,Rice
Red Soil,6.2,81,41,75,26.9,2433.7,Rice
Clay Soil,6,104,65,96,25.7,2314,Rice
Clay Soil,5.5,148,40,105,32.8,1863.9,Rice
Black Soil,6,210,117,155,33.6,630,Cotton
Red Soil,7.1,104,40,68,34.6,1853.8,Rice
Alluvial Soil,5.5,99,42,82,31.7,2461,Rice
Clay Soil,6.4,116,68,100,30.4,1732.3,Rice
Alluvial Soil,7,67,43,54,16.9,630.9,Wheat
Red Soil,6.2,135,51,149,26.6,1044,Maize
Red Soil,5.9,136,40,96,26.3,2379.3,Rice
Clay Soil,6.7,101,70,60,27.7,1585.8,Rice
Alluvial Soil,6.8,161,51,103,29.4,1291,Maize
Clay Soil,6,131,43,79,25.7,1854.4,Rice
Red Soil,5.5,149,51,80,27.9,1924.9,Rice
Clay Soil,6.5,94,60,112,27.8,1186.9,Rice
Red Soil,7.5,118,52,104,26.5,2258.1,Rice
Red Soil,5.3,126,53,88,34.5,2097.5,Rice
Clay Soil,5.8,134,52,88,25.4,2045.9,Rice
Alluvial Soil,6.2,185,93,137,20.4,917.8,Maize
Alluvial Soil,7.3,114,53,68,27.2,1941.8,Rice
Red Soil,6.9,136,51,71,31.4,1344.1,Rice
Red Soil,6.3,169,71,96,28.1,746,Maize
Alluvial Soil,5.7,106,60,82,30.6,1980.1,Rice
Red Soil,5.9,82,60,73,27.4,2468.5,Rice
Black Soil,6,117,56,62,19.2,862.2,Wheat
Alluvial Soil,5.9,115,43,83,28,2105.7,Rice
Red Soil,6.5,133,68,69,30.9,1270.7,Rice
Alluvial Soil,6.2,114,45,56,16.9,874.1,Wheat
Red Soil,5.4,80,55,104,29.1,2358.3,Rice
Alluvial Soil,6.9,144,60,64,28.5,1187.9,Rice
Clay Soil,7.4,72,58,63,23,673.9,Wheat
Alluvial Soil,5.7,142,69,92,31.7,1356.9,Rice
Alluvial Soil,6.9,106,58,93,27,1533.6,Rice
Red Soil,7,110,42,101,34.6,2477.1,Rice
Clay Soil,5.3,140,55,93,27.1,1001.3,Rice
Clay Soil,6.7,84,47,77,34.6,2188.8,Rice
Alluvial Soil,6.7,130,64,63,32.8,2305.6,Rice
Clay Soil,7,108,44,105,34.4,1672,Rice
Alluvial Soil,5.4,138,64,85,31.4,1897.4,Rice
Clay Soil,6.1,107,48,71,28.6,1865.1,Rice
Red Soil,5.6,129,75,103,28.7,1185.1,Maize
Alluvial Soil,5.7,129,52,82,33.2,1404.2,Rice
Clay Soil,5.3,111,69,86,26.9,1705.5,Rice
Alluvial Soil,6.4,110,56,72,31.6,2464.5,Rice
Alluvial Soil,5.1,117,55,96,28.9,1360.5,Rice
Black Soil,6.3,203,89,152,30.4,643.3,Cotton
Black Soil,7.3,230,83,164,26.5,799.6,Cotton
Alluvial Soil,7,90,46,117,25,2154.1,Rice
Alluvial Soil,6.1,79,60,42,16,891.6,Wheat
Clay Soil,5.2,97,41,115,27.2,2202.4,Rice
Alluvial Soil,7.2,99,48,58,24.9,501.2,Wheat
Clay Soil,5.8,136,47,94,30,1178.6,Rice
Black Soil,6.4,72,35,40,15.9,751.7,Wheat
Alluvial Soil,6.1,127,69,77,27.4,1704.2,Rice
Clay Soil,7.5,104,52,71,20.4,588.2,Wheat
Alluvial Soil,5.3,119,47,114,27.3,1829.9,Rice
Clay Soil,6.5,108,43,69,33.3,1090.6,Rice
Red Soil,5.4,107,49,64,25.2,2394.9,Rice
Red Soil,7.2,95,55,72,33.4,1274.4,Rice
Red Soil,6,95,57,62,19.1,637.9,Wheat
Red Soil,7.5,140,49,82,28.7,1795,Rice
Alluvial Soil,6.7,76,54,45,15.2,758.7,Wheat
Red Soil,6,116,55,49,23,772.4,Wheat
Clay Soil,6.2,85,46,119,26.2,2255.9,Rice
Alluvial Soil,7.4,120,46,52,17.6,528.8,Wheat
Black Soil,7.5,113,50,72,18.3,872.4,Wheat
Clay Soil,7.1,120,48,119,33.1,2025.8,Rice
Red Soil,6,122,89,142,21.1,1157.5,Maize
Black Soil,7.8,239,85,139,32.3,930.9,Cotton
Clay Soil,5,84,51,62,30.1,1070.2,Rice
Alluvial Soil,7.1,88,61,63,29.3,1899.4,Rice
Red Soil,6.6,197,64,87,26.4,1031,Maize
Alluvial Soil,6.4,152,87,123,20.2,789.6,Maize
Red Soil,7.1,114,53,67,33.7,2460.9,Rice
Red Soil,7.3,86,60,77,34.9,1088.3,Rice
Red Soil,7,173,90,118,24.4,1443.1,Maize
Clay Soil,5.7,115,41,78,25.9,1156,Rice
Black Soil,7.2,239,120,145,31.9,887.3,Cotton
Clay Soil,6,135,60,113,25,1222.8,Rice
Red Soil,5.2,112,53,77,34,1367.2,Rice
Alluvial Soil,6.8,108,69,112,25.1,1056.7,Rice
Alluvial Soil,5.9,126,53,62,26.8,2035.7,Rice
Alluvial Soil,5.5,134,48,94,26.8,1690.9,Rice
Clay Soil,5.1,137,53,89,33.1,1606.4,Rice
Alluvial Soil,5.6,149,50,60,32.2,1605.8,Rice
Red Soil,5.5,150,50,115,32.4,2211.4,Rice
Alluvial Soil,5.3,130,63,106,25.5,1268.6,Rice
Clay Soil,6.1,136,42,65,26.8,1364.7,Rice
Red Soil,5.2,138,70,79,33,1686.8,Rice
Alluvial Soil,5.8,193,75,113,22,1309.2,Maize
Red Soil,6.5,107,66,113,26.8,1314.4,Rice
Black Soil,6.3,175,105,148,30.2,693.5,Cotton
Alluvial Soil,5.8,114,66,123,23.2,1185.2,Maize
Alluvial Soil,7.3,122,45,63,34.6,2430.6,Rice
Red Soil,5.6,121,44,71,31.4,1574.8,Rice
Clay Soil,7.4,137,44,105,32.9,2074.2,Rice
Red Soil,6.5,64,34,55,16.3,780.9,Wheat
Red Soil,6.6,109,65,108,29.6,2396.7,Rice
Red Soil,6.1,145,60,82,34.2,2162.1,Rice
Clay Soil,5.2,124,64,67,28.2,2293,Rice
Red Soil,6.5,100,37,42,16.6,807.3,Wheat
Alluvial Soil,7.5,102,51,102,32.8,1204,Rice
Clay Soil,6.4,115,61,96,26.3,2491.6,Rice
Alluvial Soil,6.5,145,67,120,33.5,1928.3,Rice
Clay Soil,6.9,92,68,64,27.2,1627.3,Rice
Clay Soil,7.3,116,67,91,32.8,1989.8,Rice
Red Soil,6.2,115,44,99,32,1495.4,Rice
Alluvial Soil,6.7,88,44,74,21.9,562.9,Wheat
Red Soil,7.3,132,43,108,33.9,2498.3,Rice
Red Soil,7,198,80,135,22.3,1452.4,Maize
Red Soil,6.5,145,55,71,27.2,1439.3,Rice
Red Soil,5.3,145,49,106,26.6,2213.7,Rice
Red Soil,7.4,138,46,62,32,1393.7,Rice
Clay Soil,6.8,91,48,114,32.1,1146.8,Rice
Alluvial Soil,7.3,79,52,70,19,548.9,Wheat
Red Soil,5.1,114,43,62,34.8,2103.9,Rice
Clay Soil,5.7,139,70,62,30.6,1167.9,Rice
Red Soil,7.4,141,64,74,34.9,1125.4,Rice
Alluvial Soil,7,90,67,98,34.3,2175.4,Rice
Alluvial Soil,7.2,142,46,111,30.5,1762,Rice
Alluvial Soil,6.4,145,66,105,26.7,2251,Rice
Red Soil,6.2,108,61,106,28.2,1845.3,Rice
Clay Soil,6.6,124,54,70,27.3,2039.5,Rice
Alluvial Soil,7.2,90,70,81,33.5,1829.1,Rice
Red Soil,6.3,181,51,89,21.3,908.9,Maize
Clay Soil,5,147,64,109,30.6,1101.9,Rice
Clay Soil,6,67,33,48,23.1,857.4,Wheat
Black Soil,6.1,69,33,53,21.6,828.9,Wheat
Red Soil,6.5,108,50,72,18.2,862.2,Wheat
Clay Soil,5.3,133,60,62,32.5,1086.8,Rice
Red Soil,7.2,133,58,97,34.2,1614.7,Rice
Red Soil,5.1,148,66,67,33.5,1592.1,Rice
Alluvial Soil,6.7,125,68,116,27.8,2105.5,Rice
Clay Soil,6,149,60,112,25.8,2279.3,Rice
Red Soil,6.9,111,54,77,27.1,1956.6,Rice
Alluvial Soil,7.2,110,54,106,31,1766.5,Rice
Red Soil,5.6,109,45,84,34.1,1073,Rice
Black Soil,6.2,109,60,44,15,826.9,Wheat
Alluvial Soil,6.6,134,66,115,25.7,1996.6,Rice
Red Soil,6.3,96,58,86,32.5,1409.4,Rice
Red Soil,6.4,109,62,97,30,2165,Rice
Red Soil,6.6,164,83,120,22.9,735.4,Maize
Red Soil,5.8,86,51,82,27.7,1575,Rice
Clay Soil,5.8,134,54,101,25.2,1640.9,Rice
Red Soil,5.5,137,92,134,26,1019.3,Maize
Red Soil,5.1,95,54,85,28.8,1269.2,Rice
Clay Soil,5.2,84,64,95,29.3,1911.9,Rice
Red Soil,7.4,88,32,80,20.6,556.6,Wheat
Clay Soil,6.7,66,54,55,20.7,761.6,Wheat
Red Soil,6.9,122,57,113,31.8,2141.9,Rice
Clay Soil,5,90,63,70,33.1,1822.1,Rice
Alluvial Soil,6.8,71,40,57,24.4,712.1,Wheat
Alluvial Soil,5.8,117,79,111,21.9,1370.2,Maize
Alluvial Soil,6.2,127,67,75,28.5,2380.1,Rice
Red Soil,5.7,138,53,90,35,1605.8,Rice
Red Soil,7.4,109,43,117,30.5,1550.4,Rice
Red Soil,6.5,93,47,83,30.9,1208.8,Rice
Red Soil,7.3,130,54,84,32.1,1151.5,Rice
Clay Soil,6.6,144,52,113,28.2,1864.7,Rice
Red Soil,7,121,65,97,29.4,2182.5,Rice
Red Soil,6.4,135,42,115,27.6,2243.7,Rice
Red Soil,7.1,116,52,42,16,748.7,Wheat
Red Soil,5.7,176,60,101,20.3,1017.1,Maize
Alluvial Soil,7.3,137,65,83,30.1,2327.7,Rice
Red Soil,6.7,194,80,141,29.3,629,Maize
Alluvial Soil,5.6,118,69,107,31.9,1434.7,Rice
Red Soil,5.9,177,57,148,29.8,1102.2,Maize
Alluvial Soil,5.3,145,48,95,30.2,1258.4,Rice
Black Soil,6.5,173,83,110,29.9,903.7,Cotton
Clay Soil,6.2,89,68,97,27.1,1629.5,Rice
Clay Soil,6.3,85,69,118,25.5,1972.6,Rice
Alluvial Soil,5.1,118,56,95,26.5,1080,Rice
Alluvial Soil,5.7,104,64,81,26.7,2063.3,Rice
Alluvial Soil,5.8,117,61,98,34.6,1995,Rice
Alluvial Soil,6.2,116,48,67,23.9,562.5,Wheat
Red Soil,6.7,116,87,148,24.4,969.7,Maize
Red Soil,5.5,105,52,78,34.4,1160.8,Rice
Clay Soil,6,90,41,78,31.8,2431.2,Rice
Clay Soil,7.2,69,52,40,17.8,571.7,Wheat
Clay Soil,6,114,48,110,29.1,1578.5,Rice
Alluvial Soil,5.1,133,46,111,32.5,2491.3,Rice
Alluvial Soil,6.5,129,47,114,28.6,1582.1,Rice
Red Soil,5.1,143,67,71,29.4,2172.2,Rice
Clay Soil,5.1,138,68,100,28,1821.1,Rice
Clay Soil,6.9,90,67,84,28,2291.7,Rice
Red Soil,7,125,67,88,25.8,2474.6,Rice
Clay Soil,7,76,38,40,18,562.5,Wheat
Alluvial Soil,7.5,105,60,60,32.5,1991.8,Rice
Clay Soil,5.6,127,62,97,31.8,1673.8,Rice
Alluvial Soil,6.9,95,54,72,32.3,1043.2,Rice
Black Soil,7.3,143,119,128,32,540.8,Cotton
Clay Soil,6.1,116,46,114,27.1,2333.5,Rice
Red Soil,5.8,96,40,116,27.4,1954.3,Rice
Alluvial Soil,7.1,150,42,70,28.2,2457.3,Rice
Red Soil,5.3,133,62,107,26.6,1121.2,Rice
Clay Soil,5.7,145,41,119,32.7,2154.6,Rice
Alluvial Soil,6.5,137,66,77,30.9,2277.5,Rice
Red Soil,5.5,120,70,81,33.2,1295,Rice
Clay Soil,6.8,148,46,66,31.2,2279,Rice
Clay Soil,6.1,102,60,41,15.2,807,Wheat
Red Soil,5.5,124,82,137,22.7,1330.1,Maize
Alluvial Soil,6.8,78,31,59,21,828.2,Wheat
Red Soil,5.6,109,52,74,28,1657.4,Rice
Alluvial Soil,5.7,134,56,102,30.4,2246.8,Rice
Clay Soil,6.3,139,52,106,29,1135.7,Rice
Clay Soil,7,142,59,79,29.5,1325.8,Rice
Alluvial Soil,5.1,97,67,97,34.3,1355.4,Rice
Alluvial Soil,6.6,97,53,83,29.1,1918.6,Rice
Red Soil,6.1,118,85,88,29.4,1335.4,Maize
Alluvial Soil,6,164,74,149,25.1,1022.6,Maize
Black Soil,6.4,95,36,55,21.5,824.5,Wheat
Clay Soil,7,149,62,71,32.2,1284.2,Rice
Clay Soil,6.9,108,62,79,25,2387,Rice
Clay Soil,7.4,150,42,89,35,1023.6,Rice
Red Soil,7.3,123,64,63,33.7,2038.7,Rice
Black Soil,7.3,233,93,159,34.5,501.4,Cotton
Alluvial Soil,5.7,132,65,68,31.2,1120.9,Rice
Alluvial Soil,5,108,59,65,25.3,2432.4,Rice
Black Soil,7.6,158,88,156,34.9,958.4,Cotton
Red Soil,5.5,101,67,65,34.1,1674.9,Rice
Clay Soil,6.6,138,54,105,28.3,1740.6,Rice
Black Soil,7.5,64,41,59,24.4,802.4,Wheat
Red Soil,6.9,170,56,107,26.2,776.6,Maize
Alluvial Soil,6.4,98,49,72,32.4,1683.3,Rice
Red Soil,6.9,90,50,65,17.3,506.2,Wheat
Alluvial Soil,7.2,89,57,119,30.1,1212.5,Rice
Clay Soil,5,141,55,118,26.9,2431.4,Rice
Alluvial Soil,6.3,116,60,131,21.6,822.2,Maize
Black Soil,7.7,142,101,190,25.4,746.1,Cotton
Red Soil,7.4,80,70,66,34.2,1951.4,Rice
Alluvial Soil,5.2,137,70,91,26.2,1208,Rice
Black Soil,7.7,230,118,123,31.7,634.7,Cotton
Red Soil,7,138,47,77,25.3,2474.5,Rice
Alluvial Soil,5.9,149,55,68,27.1,1748.2,Rice
Red Soil,5.7,134,59,96,27.3,2421.2,Rice
Alluvial Soil,7.4,114,40,69,16.7,662.2,Wheat
Alluvial Soil,6.8,98,57,97,30.8,2012.1,Rice
Alluvial Soil,6.9,194,55,91,28.6,982.5,Maize
Alluvial Soil,7.1,122,64,95,31.5,1986.3,Rice
Clay Soil,6.4,99,70,64,28.3,2209,Rice
Clay Soil,6,121,66,71,25,1945.5,Rice
Clay Soil,7.2,67,30,74,18.9,612.6,Wheat
Alluvial Soil,6.1,134,49,63,30.3,1228.8,Rice
Clay Soil,6.6,119,59,86,34.9,1948.9,Rice
Alluvial Soil,7.2,108,68,103,30,1821.3,Rice
Clay Soil,7.2,131,68,76,27.7,1144.5,Rice
Black Soil,6.8,226,74,123,27.2,580.1,Cotton
Red Soil,6.5,175,100,102,30,825.4,Maize
Red Soil,5.6,104,68,100,30.8,1584.8,Rice
Clay Soil,5,94,52,87,33.8,1429.4,Rice
Alluvial Soil,6.3,80,53,104,34.6,1921.9,Rice
Clay Soil,6.5,100,44,91,32.7,1262.6,Rice
Red Soil,6.9,104,76,114,25.2,1055.8,Maize
Clay Soil,6.8,106,53,110,27,1813.6,Rice
Red Soil,7.1,83,63,80,25.2,1871.8,Rice
Red Soil,5.8,151,90,81,20.5,1185.7,Maize
Alluvial Soil,6.2,119,48,64,31.9,1303.7,Rice
Red Soil,7,99,43,61,27.8,1828,Rice
Red Soil,5.4,149,59,62,29,1121.5,Rice
Red Soil,7,150,53,88,33.6,1938.5,Rice
Black Soil,7.1,209,83,182,29.6,934.6,Cotton
Red Soil,6,148,49,87,32.9,1404,Rice
Clay Soil,7,107,44,82,28.5,1862.1,Rice
Alluvial Soil,7,81,54,103,32.6,1355.1,Rice
Clay Soil,6,116,59,71,29.2,1882.6,Rice
Black Soil,6.6,192,83,109,27,573.4,Cotton
Alluvial Soil,5.4,150,49,103,28.9,1860.4,Rice
Red Soil,5.2,105,47,104,33.5,1504.1,Rice
Clay Soil,7.5,142,57,70,34.7,1005.8,Rice
Clay Soil,6.3,97,61,94,29.8,1250,Rice
Red Soil,5.1,115,54,117,33.5,1238.1,Rice
Alluvial Soil,6.8,101,60,104,28.5,1198.4,Maize
Alluvial Soil,6.4,125,57,90,31.3,1724.2,Rice
Alluvial Soil,6.6,89,70,104,34.3,1747.9,Rice
Clay Soil,6.5,108,70,99,33.4,1391.9,Rice
Alluvial Soil,6.7,103,50,90,25.8,2266.1,Rice
Alluvial Soil,6.7,200,72,144,29.7,1129,Maize
Clay Soil,5.5,138,52,90,27.4,1592.2,Rice
Black Soil,7.1,179,83,172,29.5,600.3,Cotton
Black Soil,6.8,63,34,58,22.6,735.7,Wheat
Red Soil,6.2,146,45,100,28.9,2114,Rice
Black Soil,7.3,215,114,142,33.4,907.2,Cotton
Red Soil,6.1,141,51,90,30.5,1180.3,Rice
Red Soil,6.5,104,54,85,31.6,1606.1,Rice
Alluvial Soil,6.8,91,44,96,29.3,1725.2,Rice
Red Soil,6.8,133,89,133,26,973.5,Maize
Red Soil,6.6,120,53,96,33.6,1116.8,Rice
Alluvial Soil,5.9,158,58,113,25.2,694.5,Maize
Clay Soil,7.2,150,64,88,34.4,1443.3,Rice
Alluvial Soil,7.5,123,54,99,30.4,2117.3,Rice
Red Soil,6.6,135,54,100,31.2,1725,Rice
Clay Soil,5.2,84,57,62,27.4,2405.9,Rice
Clay Soil,6,143,42,71,28.7,1713.5,Rice
Alluvial Soil,6.1,117,68,71,25.7,2129.7,Rice
Red Soil,6.5,135,60,107,28.2,2438.2,Rice
Red Soil,7.4,136,62,87,30.2,2415.8,Rice
Red Soil,6.3,156,69,109,23.9,1294.3,Maize
Alluvial Soil,6.1,145,65,113,28.4,1479.1,Rice
Black Soil,7.8,205,68,195,26.9,707,Cotton
Clay Soil,7,89,47,106,32.6,1619.6,Rice
Clay Soil,7.2,107,55,100,32.8,2012.2,Rice
Black Soil,7.5,192,65,105,25.1,625.5,Cotton
Black Soil,7.1,212,66,172,30,740.2,Cotton
Black Soil,6.7,200,91,124,28.8,553.6,Cotton
Alluvial Soil,6.2,124,65,73,34,1595,Rice
Clay Soil,5.4,124,55,119,28,1485,Rice
Alluvial Soil,7.2,86,45,65,33.3,1877.5,Rice
Alluvial Soil,6.4,85,45,48,18.6,773.9,Wheat
Alluvial Soil,6.5,115,70,119,31.9,1310.2,Rice
Clay Soil,5.9,86,61,79,33.8,1474.4,Rice
Alluvial Soil,5.8,165,93,95,20.7,1333.5,Maize
Clay Soil,6.7,112,59,76,32.5,1995.2,Rice
Alluvial Soil,6.1,116,44,77,29.5,2022.1,Rice
Red Soil,7,132,92,91,25.3,921.2,Maize
Red Soil,6.9,166,53,96,23.2,928.7,Maize
Clay Soil,5.5,97,56,90,26.2,1106.2,Rice
Clay Soil,7,143,42,70,29,2092.8,Rice
Red Soil,5.3,90,44,63,29.8,1888,Rice
Clay Soil,6.6,96,63,114,27.4,2159.7,Rice
Red Soil,5.4,131,40,98,29.4,1625.7,Rice
Alluvial Soil,6.9,95,54,72,28.7,1223.7,Rice
Alluvial Soil,5.7,145,57,118,27,1645.2,Rice
Red Soil,6,87,48,91,29.2,1040.3,Rice
Alluvial Soil,7.1,89,68,90,29.3,1983.9,Rice
Clay Soil,7.5,147,51,100,32.2,2418.7,Rice
Black Soil,7.4,234,89,143,34,773.6,Cotton
Red Soil,7.4,142,54,109,34.5,1081,Rice
Red Soil,5.3,99,49,70,27.5,2406.8,Rice
Alluvial Soil,5.9,130,58,74,31.1,1224.8,Rice
Red Soil,5.7,119,48,65,27.3,1938.3,Rice
Clay Soil,6,114,62,86,29,1792.7,Rice
Red Soil,5.3,93,62,106,32.4,1048.7,Rice
Alluvial Soil,6.9,157,98,108,22.1,1035.1,Maize
Alluvial Soil,7.3,101,61,117,30.3,1118.2,Rice
Alluvial Soil,5.1,105,52,66,30.5,1377.1,Rice
Alluvial Soil,6,132,56,108,25.1,1532,Rice
Alluvial Soil,6.8,121,41,94,33.9,1683.2,Rice
Alluvial Soil,7.2,64,35,41,18.6,522.2,Wheat
Black Soil,6.5,115,35,59,21.4,746.6,Wheat
Alluvial Soil,6.2,124,50,96,32.2,2380.3,Rice
Red Soil,5.3,87,49,84,25,1958.4,Rice
Alluvial Soil,6,97,55,71,18.6,629.5,Wheat
Clay Soil,6.7,142,59,113,28.7,2210,Rice
Red Soil,6.7,118,66,73,33.8,2078.8,Rice
Alluvial Soil,6,111,66,113,31.6,2385.8,Rice
Clay Soil,5.6,134,40,105,29,1336.3,Rice
Alluvial Soil,5.5,178,78,141,27.6,1298,Maize
Clay Soil,5.6,140,62,70,34.8,2392.1,Rice
Alluvial Soil,6,160,73,130,24.2,1288.3,Maize
Clay Soil,6.4,131,51,110,32.4,2416.4,Rice
Red Soil,6.2,104,57,66,29,1734.7,Rice
Clay Soil,5.3,101,60,77,31.3,1110.9,Rice
Clay Soil,6.6,83,51,119,26.5,2269.3,Rice
Alluvial Soil,5.7,146,68,98,27.3,1219.7,Rice
Alluvial Soil,6.3,125,60,113,22.2,911,Maize
Red Soil,6,84,48,114,30.4,2484.7,Rice
Red Soil,7.2,106,37,67,24.6,691.2,Wheat
Clay Soil,6.6,97,66,106,30.3,1213,Rice
Red Soil,5.7,92,57,71,30.1,2251.6,Rice
Red Soil,7.3,81,64,100,28.4,1530.5,Rice
Alluvial Soil,7.4,89,56,86,32.6,2363.5,Rice
Clay Soil,6.7,104,49,60,27.3,2274.9,Rice
Alluvial Soil,5.1,134,45,85,34.6,1425.5,Rice
Red Soil,5.9,116,54,95,30.9,2258,Rice
Clay Soil,6.9,75,55,41,23.4,877.7,Wheat
Clay Soil,5.8,123,59,61,32,1990.6,Rice
Red Soil,7.2,90,59,82,34.3,1286.7,Rice
Alluvial Soil,5.1,102,43,97,27.9,1694.4,Rice
Clay Soil,6.8,148,69,98,32.1,2009.6,Rice
Alluvial Soil,5.5,144,51,75,27.7,2350.4,Rice
Red Soil,6.5,84,39,73,15.6,679.7,Wheat
Red Soil,7.4,107,38,53,18,516.7,Wheat
Black Soil,7.9,172,69,140,30.8,999.7,Cotton
Red Soil,5.9,115,69,107,27.4,2217.1,Rice
Red Soil,7.4,115,42,79,15.9,557.3,Wheat
Clay Soil,6,136,67,95,27.8,1693.8,Rice
Clay Soil,5.3,96,45,87,25.3,2006.2,Rice
Clay Soil,6.4,104,42,85,30.3,2107,Rice
Alluvial Soil,5.8,112,54,115,27.1,1573,Rice
Alluvial Soil,6.9,96,43,80,20.7,515.1,Wheat
Alluvial Soil,5.2,138,43,94,31,2303.3,Rice
Clay Soil,7.4,149,53,70,28.9,1200.2,Rice
Red Soil,6.4,130,56,69,32.8,1953.5,Rice
Clay Soil,7.5,103,55,73,29.7,1058.5,Rice
Clay Soil,5.2,118,42,75,27.7,1610.6,Rice
Red Soil,6,178,58,147,25.6,969.9,Maize
Black Soil,6.7,83,60,59,22.9,694.3,Wheat
Alluvial Soil,7.5,104,50,80,33.3,2062.7,Rice
Alluvial Soil,6.6,82,55,57,17.8,757.2,Wheat
Alluvial Soil,5.4,134,56,72,26.8,1061,Rice
Clay Soil,7.2,139,57,70,31.7,2144.9,Rice
Red Soil,7.5,134,67,76,28.6,1503.2,Rice
Alluvial Soil,7,111,63,136,29.4,887.6,Maize
Red Soil,6.2,101,46,92,26.9,2363.1,Rice
Clay Soil,5.6,99,46,86,29.8,2439.4,Rice
Clay Soil,5.6,138,47,62,26.9,2087.4,Rice
Alluvial Soil,7.5,85,55,117,31.8,1337.1,Rice
Clay Soil,6.8,73,58,42,19.1,574.1,Wheat
Clay Soil,7.1,123,50,100,29.5,1369.7,Rice
Clay Soil,6.6,129,65,65,33.2,1270.5,Rice
Clay Soil,6.5,137,52,120,30.8,1376.9,Rice
Red Soil,7,119,97,133,25.2,722.4,Maize
Red Soil,5.5,84,52,106,27.6,1603.2,Rice
Alluvial Soil,7,148,47,110,29.4,2070.8,Rice
Red Soil,6.9,179,87,101,27.5,696.7,Maize
Black Soil,7.1,250,66,187,30,951.1,Cotton
Alluvial Soil,6,122,55,90,26.8,1895.6,Rice
Clay Soil,6.4,102,44,70,29.6,1586.9,Rice
Clay Soil,5.9,125,61,90,30.5,2326.9,Rice
Red Soil,6.7,115,75,91,28.3,1434.2,Maize
Alluvial Soil,6.1,107,58,64,26.3,2272.7,Rice
Clay Soil,7.3,108,64,71,34.8,2300.7,Rice
Clay Soil,7.2,116,31,54,17.8,673.3,Wheat
Alluvial Soil,6.7,150,66,128,24,663.3,Maize
Red Soil,5.9,180,57,90,22.4,1189.4,Maize
Clay Soil,6.1,106,54,64,20.7,507.2,Wheat
Alluvial Soil,6.4,119,65,76,26.7,2164.1,Rice
Red Soil,6.6,109,69,82,33.9,1887.9,Rice
Red Soil,7.4,108,42,55,20,723.4,Wheat
Black Soil,6.2,203,66,167,25,503.4,Cotton
Clay Soil,5.8,112,48,88,29.1,2004.3,Rice
Red Soil,7.1,114,53,89,25.7,1906.5,Rice
Red Soil,6.1,116,52,141,24.8,1190.3,Maize
Alluvial Soil,6.5,135,63,116,29.6,2070.3,Rice
Alluvial Soil,6.9,105,60,95,30.7,2065.1,Rice
Alluvial Soil,7.5,143,66,104,25.5,2476.5,Rice
Red Soil,6.4,162,52,111,20.8,766.7,Maize
Alluvial Soil,5.7,177,64,90,29.3,686.5,Maize
Clay Soil,6.6,102,67,115,27.2,1432.2,Rice
Alluvial Soil,7.1,141,69,70,30.3,1839.8,Rice
Alluvial Soil,6.4,94,57,61,22.8,560.9,Wheat
Clay Soil,6.7,113,55,112,28.9,2237.8,Rice
Alluvial Soil,5,105,62,91,25.9,1536.9,Rice
Alluvial Soil,6,115,75,95,21.5,1368.4,Maize
Red Soil,5,145,70,98,34.1,1947.2,Rice
Red Soil,7.1,83,47,72,20.7,757.3,Wheat
Clay Soil,6.3,105,35,66,19.9,632.9,Wheat
Red Soil,6.4,128,58,87,32.4,1467,Rice
Alluvial Soil,7.1,109,42,106,26.1,2288.6,Rice
Alluvial Soil,6.3,148,70,113,33.7,1482.8,Rice
Alluvial Soil,6.9,196,98,149,24.3,739.5,Maize
Alluvial Soil,7.4,81,67,89,32.8,1086.7,Rice
Clay Soil,6.4,88,68,79,34.7,2091,Rice
Clay Soil,5,145,65,116,28.8,1665.8,Rice
Red Soil,5.2,141,53,96,27.2,1666.4,Rice
Red Soil,5.5,130,55,105,34,1452,Rice
Black Soil,7.8,229,91,139,27.2,617.1,Cotton
Alluvial Soil,6.2,123,89,122,26.4,895.9,Maize
Alluvial Soil,6.7,133,68,89,27.5,1669.2,Rice
Red Soil,5.8,109,41,60,27.5,2252.8,Rice
Red Soil,7.3,116,34,51,15.8,790,Wheat
Alluvial Soil,5.6,114,48,117,28.2,1782.1,Rice
Clay Soil,5.6,85,67,67,30,1606.6,Rice
Clay Soil,6.8,92,60,112,33.2,1276.7,Rice
Alluvial Soil,7.2,139,51,86,27.8,1672.3,Rice
Clay Soil,7.5,60,38,48,21.3,559.9,Wheat
Clay Soil,7.2,87,64,101,34.9,1090.9,Rice
Clay Soil,5.8,128,46,97,31,1305.8,Rice
Red Soil,5.8,134,94,100,21.9,1241,Maize
Black Soil,6.4,182,87,190,25.2,987.7,Cotton
Red Soil,6.1,77,48,55,21.8,659.3,Wheat
Alluvial Soil,6.9,119,52,75,17.7,629.6,Wheat
Red Soil,7.1,105,61,93,35,1501.9,Rice
Red Soil,7.5,85,56,95,27.3,2264.1,Rice
Clay Soil,6.3,112,44,77,33.5,1299,Rice
Alluvial Soil,6.4,132,47,115,34.7,1816.4,Rice
Alluvial Soil,7.2,148,58,64,28.4,2221.4,Rice
Alluvial Soil,6.7,117,40,65,31.1,2325.3,Rice
Red Soil,5.7,138,59,77,27.6,1940.5,Rice
Alluvial Soil,7.1,95,41,102,28.8,1886.7,Rice
Alluvial Soil,5.6,133,61,110,33.2,1104.8,Rice
Alluvial Soil,6.2,124,66,115,34.8,2067,Rice
Clay Soil,6.7,109,44,107,34.1,1634.3,Rice
Clay Soil,5.6,138,61,94,34,1081.5,Rice
Red Soil,6,113,55,96,34.1,2433.4,Rice
Red Soil,5.5,103,73,127,20.5,1125.3,Maize
Clay Soil,6.6,100,45,64,27.9,1869.3,Rice
Clay Soil,5.6,149,64,73,34.3,2146.7,Rice
Alluvial Soil,6.5,149,68,99,20.6,1311.3,Maize
Alluvial Soil,7.4,112,36,46,15.2,652,Wheat
Clay Soil,6.4,126,56,112,32.7,1176,Rice
Alluvial Soil,5.1,115,68,66,29.7,2265.5,Rice
Alluvial Soil,6.6,85,45,99,30.4,1642.4,Rice
Red Soil,6.3,109,83,115,29.7,1352.6,Maize
Clay Soil,7,113,41,83,33.4,1425.9,Rice
Clay Soil,5.2,93,40,106,32.8,1096.2,Rice
Black Soil,6.6,184,105,154,30.6,893.9,Cotton
Clay Soil,7.1,113,60,110,25.6,2038.4,Rice
Red Soil,7.4,104,46,67,22.9,680,Wheat
Clay Soil,7.5,114,49,44,21.5,660.1,Wheat
Alluvial Soil,6.6,126,54,74,30.6,2196.1,Rice
Clay Soil,7.5,129,66,116,32.8,1984,Rice
Alluvial Soil,7.3,60,38,48,16.8,620.2,Wheat
Alluvial Soil,6.8,186,78,120,24,1418.6,Maize
Red Soil,6.6,96,59,107,33.2,1150.2,Rice
Alluvial Soil,7,155,91,91,29,1186.2,Maize
Alluvial Soil,5.5,122,60,65,33.1,1665.6,Rice
Clay Soil,6.3,125,49,63,34.2,1060.4,Rice
Black Soil,7.7,170,77,157,32.5,733.5,Cotton
Red Soil,6.7,91,56,68,28.1,2010.8,Rice
Red Soil,6.9,81,45,99,35,1862.9,Rice
Clay Soil,7.3,114,50,70,25.2,1407.5,Rice
Alluvial Soil,5.6,140,99,99,27.5,732.9,Maize
Red Soil,6.6,97,51,109,25.4,1728.7,Rice
Alluvial Soil,6.3,92,62,99,31,1799,Rice
Red Soil,7.4,86,56,120,27.9,1834.4,Rice
Clay Soil,5.8,85,69,69,27.5,2188.5,Rice
Clay Soil,5.6,93,69,100,27.9,1199.5,Rice
Clay Soil,7.5,106,36,76,18.2,810.1,Wheat
Red Soil,5.8,105,64,146,23.8,753.8,Maize
Clay Soil,7.3,131,56,119,34.1,2237,Rice
Clay Soil,6.7,123,54,88,26.7,1373.6,Rice
Clay Soil,5.6,122,56,69,25.8,2115.4,Rice
Black Soil,7.3,153,118,180,27.2,888.4,Cotton
Alluvial Soil,7,97,69,98,31.9,1076.2,Rice
Alluvial Soil,5.2,132,57,110,32,2362.6,Rice
Red Soil,5.6,157,62,114,30,809.8,Maize
Alluvial Soil,6.7,125,63,110,28.2,2446.8,Rice
Alluvial Soil,5.6,130,71,132,26.3,879.7,Maize
Alluvial Soil,6.6,101,60,51,19.9,610,Wheat
Clay Soil,6.2,133,69,60,27.5,2392.9,Rice
Red Soil,5.4,137,54,114,29.9,1742.5,Rice
Alluvial Soil,6.2,183,62,84,26.1,1191.4,Maize
Clay Soil,6.6,95,60,89,28.5,1216,Rice
Black Soil,7.4,177,61,177,33.5,595,Cotton
Clay Soil,7.4,85,58,84,29.4,2453.7,Rice
Alluvial Soil,7,136,64,114,33.6,2377.5,Rice
Alluvial Soil,7.3,138,45,107,33.7,1363.2,Rice
Alluvial Soil,6.6,178,73,136,21.9,1129.9,Maize
Clay Soil,6.8,109,68,70,27.1,1573.3,Rice
Clay Soil,7.5,96,57,99,33.4,2385.3,Rice
Clay Soil,6.2,135,42,103,30.4,1491.4,Rice
Alluvial Soil,6.9,122,52,76,29.1,2021.4,Rice
Alluvial Soil,6.5,193,91,105,20.3,1359.5,Maize
Black Soil,6.1,162,73,154,28.5,571.2,Cotton
Red Soil,5.9,93,57,120,34.2,1520.1,Rice
Alluvial Soil,5.6,91,66,118,34.4,1846.1,Rice
Alluvial Soil,7.1,68,47,74,21.2,613.5,Wheat
Alluvial Soil,6.5,123,65,101,33,1997.6,Rice
Black Soil,7.1,206,114,162,34.9,874.8,Cotton
Clay Soil,6.9,149,61,116,33.6,2159.8,Rice
Alluvial Soil,6,109,64,80,32.9,1576.2,Rice
Red Soil,6.6,131,59,66,29.6,2070.6,Rice
Black Soil,7.2,180,109,137,32.2,643.5,Cotton
Alluvial Soil,7.5,66,31,49,22.6,876,Wheat
Alluvial Soil,5.1,146,55,79,32.9,2186.3,Rice
Clay Soil,6.7,120,41,68,21,553.2,Wheat
Black Soil,7.3,181,76,158,33.9,920.7,Cotton
Red Soil,6.7,156,92,123,21.7,616.5,Maize
Clay Soil,5.9,141,41,97,34.8,2223.3,Rice
Alluvial Soil,6.7,87,45,65,23.5,803.3,Wheat
Clay Soil,5,82,48,120,29.6,1909.4,Rice
Red Soil,6.5,115,37,41,19,846.4,Wheat
Red Soil,7.3,92,59,74,32.7,1240,Rice
Red Soil,5.7,150,52,76,28.7,1524.1,Rice
Black Soil,6.7,88,47,56,19.4,759.4,Wheat
Red Soil,7.3,138,66,118,25.5,1130,Rice
Clay Soil,5.3,104,54,118,29.6,1249,Rice
Alluvial Soil,5.3,124,68,116,25.7,1911.4,Rice
Red Soil,6.1,85,68,80,26.7,2440.9,Rice
Clay Soil,7,130,69,84,34,2369.1,Rice
Red Soil,6.9,95,42,48,24.7,657.1,Wheat
Clay Soil,7.1,65,56,49,19.1,605.3,Wheat
Red Soil,6.5,80,55,102,32.3,1271.1,Rice
Clay Soil,5.4,107,49,120,28.3,2229.1,Rice
Alluvial Soil,5.9,100,49,91,32.5,1851.7,Rice
Alluvial Soil,6.2,189,82,112,20.2,1130.1,Maize
Red Soil,5.3,134,42,68,33,1237.8,Rice
Alluvial Soil,6.8,127,68,142,29,894.6,Maize
Red Soil,5.8,129,76,130,29.7,789.3,Maize
Clay Soil,6.1,84,44,84,25.3,2456.9,Rice
Red Soil,6.5,137,95,148,23.2,1296.2,Maize
Clay Soil,7.4,97,52,103,33.7,1062.1,Rice
Clay Soil,6.4,116,41,100,34.6,2214.1,Rice
Clay Soil,5.6,114,70,63,27.1,2456.5,Rice
Red Soil,6.8,83,47,89,29.6,2221.6,Rice
Clay Soil,6.8,84,52,63,18.5,646.6,Wheat
Clay Soil,6.3,85,58,71,34.4,1093.3,Rice
Black Soil,7.6,190,80,164,29.7,620.4,Cotton
Red Soil,5.7,159,94,110,20,902.4,Maize
Alluvial Soil,5.3,136,45,63,26.4,1834.1,Rice
Red Soil,5.3,102,43,118,28.1,2281.2,Rice
Alluvial Soil,7,130,62,82,34.5,1873.3,Rice
Clay Soil,6.1,121,50,92,30.5,1698.5,Rice
Clay Soil,5.5,148,59,67,27.1,1793.7,Rice
Red Soil,7.5,131,69,108,25.1,2397.7,Rice
Clay Soil,7.4,98,59,113,30.3,1306,Rice
Red Soil,5.8,161,72,130,23,861,Maize
Red Soil,7.4,127,50,67,33.9,1356.2,Rice
Red Soil,6.8,103,61,116,26.6,1900.7,Rice
Red Soil,5.3,115,49,95,33.9,1255.9,Rice
Clay Soil,5.2,95,67,110,29.1,1834.8,Rice
Red Soil,5.4,133,66,76,29.8,1739.5,Rice
Alluvial Soil,6.2,113,67,103,25.7,2495.7,Rice
Red Soil,6.1,129,85,84,28.4,1199.7,Maize
Red Soil,6.5,116,90,89,25.8,910.2,Maize
Red Soil,5.6,84,44,60,28.2,2010.8,Rice
Alluvial Soil,7.2,100,69,111,32.4,1290.7,Rice
Red Soil,5.9,113,52,92,32.6,1946.2,Rice
Alluvial Soil,6.3,171,64,137,22.4,658.8,Maize
Alluvial Soil,6,130,54,116,25.2,2086.6,Rice
Clay Soil,5.3,117,45,60,27.7,2031.6,Rice
Alluvial Soil,6,99,67,99,33.6,1870,Rice
Red Soil,6.4,109,66,87,28.6,1753.3,Rice
Alluvial Soil,5.1,80,67,88,30.7,1405.8,Rice
Red Soil,7.5,119,56,110,29.5,2257.7,Rice
Clay Soil,7.4,117,64,97,26,1300.2,Rice
Red Soil,7.1,97,66,87,27.1,1032.5,Rice
Clay Soil,5.7,103,52,79,25.4,1898.5,Rice
Alluvial Soil,6.8,87,35,74,22.1,544,Wheat
Alluvial Soil,6.2,125,69,100,31.3,1536.9,Rice
Red Soil,5.1,109,70,78,29.9,1204.7,Rice
Red Soil,7,101,45,111,33.8,1788.5,Rice
Clay Soil,5.2,84,65,87,33.6,2391.6,Rice
Red Soil,5.2,150,41,104,29.5,1053.2,Rice
Clay Soil,5.5,92,41,118,34,1131.9,Rice
Black Soil,6.3,98,33,51,15.7,576.4,Wheat
Clay Soil,5.7,86,62,104,32.8,2057.3,Rice
Red Soil,6.2,97,61,95,34.9,1328.1,Rice
Red Soil,6.3,88,38,47,16.9,698.1,Wheat
Alluvial Soil,5.6,139,65,64,34,2481.7,Rice
Clay Soil,7.5,86,66,92,30,1352.9,Rice
Red Soil,7.2,126,60,111,28.7,1532,Rice
Alluvial Soil,6.7,124,44,115,30.6,1132.6,Rice
Red Soil,6.8,158,85,147,23.9,963.3,Maize
Red Soil,5.8,142,70,84,34.2,2329.7,Rice
Alluvial Soil,5.5,85,69,102,26.4,2465.4,Rice
Alluvial Soil,6.3,152,84,83,30,757.8,Maize
Alluvial Soil,7.5,120,70,91,30.5,1394.9,Rice
Red Soil,6,137,47,81,31.1,2389.8,Rice
Red Soil,7.4,104,43,67,32.6,1761.6,Rice
Black Soil,6.5,212,108,145,27.3,938,Cotton
Alluvial Soil,6.6,84,31,69,23.1,527.8,Wheat
Clay Soil,6.9,135,46,82,28.2,1685.9,Rice
Red Soil,5.5,89,67,72,32.7,2352.8,Rice
Alluvial Soil,6.2,106,53,139,28.4,970.5,Maize
Red Soil,6.9,101,46,82,32.9,1416.7,Rice
Clay Soil,7.2,126,43,116,30.7,1918.5,Rice
Clay Soil,5.9,114,40,99,32.4,1155.5,Rice
Alluvial Soil,5.9,107,62,93,25,2106.9,Rice
Red Soil,5.8,114,48,80,28.8,1745,Rice
Alluvial Soil,5.5,188,51,114,24.3,1250.7,Maize
Alluvial Soil,5.7,148,58,142,25.1,864.4,Maize
Red Soil,7.1,96,41,87,26.5,1714.2,Rice
Clay Soil,6.5,135,56,68,26,2120.5,Rice
Black Soil,6,127,64,107,32.9,531.4,Cotton
Alluvial Soil,5.3,113,56,92,26.2,2400.9,Rice
Black Soil,7.2,85,30,41,23.2,777.8,Wheat
Clay Soil,6,139,40,87,31.2,1846.5,Rice
Alluvial Soil,5.3,105,44,78,26.6,1765.4,Rice
Black Soil,6.4,79,47,59,16.1,733.1,Wheat
Alluvial Soil,6.3,133,92,95,24.7,1292.2,Maize
Clay Soil,6.2,108,32,51,19.4,607.9,Wheat
Alluvial Soil,5.5,90,53,108,32,1070.7,Rice
Black Soil,6.8,202,90,101,30.2,554.5,Cotton
Red Soil,6.9,93,65,98,26.9,1580.9,Rice
Clay Soil,7.4,98,45,85,26.9,2150.9,Rice
Red Soil,5.4,108,58,109,25.4,1148.8,Rice
Alluvial Soil,5.7,111,54,87,27.2,2336.4,Rice
Red Soil,5.2,100,68,117,25.8,1205.7,Rice
Clay Soil,6.2,88,62,73,25.4,1929.6,Rice
Red Soil,5.4,104,48,72,28.9,2364.3,Rice
Clay Soil,7,138,60,110,27.2,1760.8,Rice
Black Soil,6.2,209,100,156,28.9,824,Cotton
Red Soil,6.6,149,66,100,26.9,1723.3,Rice
Clay Soil,6.5,95,57,59,15.5,754.5,Wheat
Red Soil,5.4,125,56,111,29.8,1838.4,Rice
Clay Soil,5.7,83,48,104,32,2397.4,Rice
Clay Soil,5.9,87,46,64,33,1301,Rice
Clay Soil,6.3,130,44,67,26.8,2486.4,Rice
Alluvial Soil,7.2,121,49,84,31.5,1916.7,Rice
Alluvial Soil,7.3,89,45,90,29.1,2169.5,Rice
Alluvial Soil,5.5,105,41,101,29,2071.5,Rice
Red Soil,6.1,138,51,93,22.9,1112.1,Maize
Clay Soil,7.5,137,48,112,31.6,2173.1,Rice
Clay Soil,6.8,115,65,87,25.3,2016.6,Rice
Red Soil,6.1,129,67,77,32,1171.9,Rice
Clay Soil,6.1,115,70,90,34.8,1086.2,Rice
Clay Soil,6.2,143,58,112,26.9,1799.3,Rice
Red Soil,5.2,115,54,104,28.6,1880.1,Rice
Red Soil,5.3,132,40,86,34.7,1232.9,Rice
Clay Soil,5.9,87,49,85,26.9,1675.6,Rice
Alluvial Soil,5.8,145,62,101,29.7,1589,Rice
Red Soil,6.7,170,94,104,25,986.1,Maize
Alluvial Soil,6.8,101,42,109,34.2,1845.6,Rice
Clay Soil,5.4,82,45,82,31.1,1217.1,Rice
Black Soil,6.8,215,78,121,29.8,947.8,Cotton
Clay Soil,7,111,68,104,31.4,1885.8,Rice
Red Soil,5.5,136,65,60,30.9,2321,Rice
Black Soil,6,193,104,175,33.8,553.6,Cotton
Clay Soil,6.5,94,58,98,30.6,2431,Rice
Black Soil,6.1,60,47,67,23.9,761,Wheat
Clay Soil,6.4,100,68,60,27.9,2134.7,Rice
Alluvial Soil,5.3,135,51,96,27.2,2399,Rice
Red Soil,5.3,96,55,108,27,1243,Rice
Alluvial Soil,5.6,82,52,80,32.9,1680.3,Rice
Clay Soil,5.7,126,49,80,27.3,1597.5,Rice
Black Soil,7.7,146,74,130,33.8,569.8,Cotton
Red Soil,6.8,87,58,116,33.7,2267.9,Rice
Clay Soil,7,115,36,49,17,885.6,Wheat
Red Soil,6.2,125,60,138,20.3,1382.8,Maize
Alluvial Soil,7.2,81,60,56,23.8,677.3,Wheat
Red Soil,6.8,95,60,117,32.6,1124.5,Rice
Clay Soil,7.1,78,55,75,25,828.9,Wheat
Red Soil,5.1,146,68,69,25.7,2190.9,Rice
Red Soil,6.4,117,51,90,34.8,1362.9,Rice
Clay Soil,5.1,113,65,101,29.3,1142,Rice
Black Soil,6.5,156,63,147,34.5,930.5,Cotton
Red Soil,5.4,90,51,92,34.4,2441.8,Rice
Black Soil,6,129,97,138,35,785.2,Cotton
Alluvial Soil,6.7,93,30,71,18,551.5,Wheat
Alluvial Soil,6,133,49,61,34,1891.1,Rice
Alluvial Soil,6.9,178,85,103,24.9,1396,Maize
Red Soil,5,137,41,107,26.5,1553,Rice
Red Soil,6.6,176,99,128,27.8,667.7,Maize
Alluvial Soil,5,123,65,95,31.3,1968,Rice
Black Soil,7.2,77,48,80,16.8,850.8,Wheat
Clay Soil,5,90,60,85,27.6,1732.5,Rice
Black Soil,6.3,116,55,46,20.3,625.1,Wheat
Alluvial Soil,7.4,104,70,81,34.2,1317.9,Rice
Clay Soil,6.4,101,50,107,33.3,2091.2,Rice
Clay Soil,5.7,87,50,112,32.6,2021.8,Rice
Alluvial Soil,7,129,67,71,28,2290.3,Rice
Clay Soil,7,65,31,70,25,864,Wheat
Red Soil,5.4,146,41,103,28.7,1626.1,Rice
Alluvial Soil,6.8,122,48,60,30.6,1946.5,Rice
Alluvial Soil,6.3,119,58,113,34.3,2498.1,Rice
Red Soil,5,91,63,104,33.8,2255.3,Rice
Red Soil,7.2,116,50,101,25.6,1122.7,Rice
Red Soil,7.2,102,59,85,27.9,2408.8,Rice
Alluvial Soil,6.5,126,81,112,24.6,1197.5,Maize
Red Soil,7.5,148,57,107,32.3,2109,Rice
Red Soil,5.2,142,45,64,30.4,1035.7,Rice
Red Soil,7.2,88,65,110,32.2,2252.5,Rice
Clay Soil,6.6,81,30,72,23.3,685.1,Wheat
Clay Soil,5.5,95,42,95,28.7,1366.4,Rice
Red Soil,5.4,109,54,67,31.3,2393.6,Rice
Alluvial Soil,6.4,99,51,108,25.9,1844.3,Rice
Alluvial Soil,6.5,133,49,78,29.7,2098.4,Rice
Red Soil,5.8,158,83,143,29.8,626,Maize
Black Soil,7.1,101,49,75,22.6,569,Wheat
Red Soil,7,131,57,116,25,1547.7,Rice
Clay Soil,6.4,128,59,69,29.3,2359.9,Rice
Clay Soil,6.5,94,41,106,31.2,1905.4,Rice
Alluvial Soil,6,112,54,83,31.2,1941,Rice
Clay Soil,6.4,121,63,89,28.9,1891.5,Rice
Red Soil,7.5,126,47,102,26.6,1477.7,Rice
Alluvial Soil,6.2,124,58,86,31.2,2010.8,Rice
Alluvial Soil,5.2,149,56,74,32,1928.2,Rice
Red Soil,5.5,100,49,102,27.4,1221.7,Rice
Alluvial Soil,7,90,56,94,34.4,1133.2,Rice
Clay Soil,6.4,130,69,102,32.6,1054.5,Rice
Red Soil,5.2,141,56,95,26.8,1280.3,Rice
Clay Soil,6.1,101,38,73,16.3,582.5,Wheat
Red Soil,5.9,95,66,61,33.4,2107.1,Rice
Alluvial Soil,6.5,107,48,77,32.1,1750.2,Rice
Red Soil,5.9,191,63,80,22.9,1005.5,Maize
Red Soil,6.4,137,64,101,31.6,2180.2,Rice
Alluvial Soil,7.5,135,68,76,31.5,1808,Rice
Red Soil,6.6,118,53,106,25.3,1652.2,Rice
Red Soil,7.4,96,58,68,26.1,2146.5,Rice
Red Soil,7.5,143,64,110,25.3,1625.4,Rice
Red Soil,5.3,101,40,114,27.5,2266.6,Rice
Alluvial Soil,6.6,89,61,112,29.3,2019.8,Rice
Clay Soil,5.1,101,69,85,31.3,2260.8,Rice
Red Soil,6.6,89,48,109,33.4,1304.3,Rice
Red Soil,5.3,117,69,73,35,2356.3,Rice
Clay Soil,6.6,147,56,77,31.9,1164,Rice
Alluvial Soil,6.8,63,36,74,19.2,741.6,Wheat
Clay Soil,5.9,141,45,77,34.6,2231.4,Rice
Alluvial Soil,5.8,105,56,88,27.8,2056.2,Rice
Alluvial Soil,6.5,142,49,107,25.6,2450.7,Rice
Red Soil,7.3,83,40,44,15.7,546.6,Wheat
Red Soil,6.7,124,56,95,31.8,2050.9,Rice
Alluvial Soil,7.4,105,70,120,28.8,1514.9,Rice
Alluvial Soil,5.6,124,52,82,33.1,1306.5,Rice
Black Soil,7.3,106,56,61,18.3,512.2,Wheat
Alluvial Soil,5.9,195,75,97,28,1195.4,Maize
Alluvial Soil,5.3,132,44,102,30.6,1879.3,Rice
Alluvial Soil,7.5,110,46,75,18.5,747,Wheat
Red Soil,6.5,179,96,117,22.9,1016.9,Maize
Clay Soil,6.5,141,70,87,31.2,2118.5,Rice
Black Soil,7.4,104,46,80,22.6,802.6,Wheat
Clay Soil,6.3,80,67,118,29,1659.4,Rice
Black Soil,7.9,198,94,147,26.2,822.4,Cotton
Alluvial Soil,6.7,83,69,83,33.3,1973.3,Rice
Alluvial Soil,5.8,190,86,143,28,711.1,Maize
Clay Soil,5.3,147,43,112,26.4,2296.8,Rice
Red Soil,6.9,196,78,83,25.4,1460.4,Maize
Clay Soil,6,73,38,67,23.5,664.8,Wheat
Red Soil,6.5,150,48,104,28.1,2011.6,Rice
Red Soil,5.9,181,81,109,28.2,883.9,Maize
Alluvial Soil,6.3,187,73,104,22.4,719.7,Maize
Clay Soil,5.9,121,42,78,34.7,1917.4,Rice
Alluvial Soil,6.6,87,40,67,32.5,1151.7,Rice
Alluvial Soil,7.4,87,51,112,27.4,1119.2,Rice
Alluvial Soil,6.8,137,59,118,33.5,1002.1,Rice
Black Soil,7.9,160,63,125,27.5,704.5,Cotton
Black Soil,7.3,151,100,133,31.3,992.5,Cotton
Red Soil,7.1,129,55,119,33.4,1073.3,Rice
Alluvial Soil,6.4,93,57,89,26.9,2079.5,Rice
Clay Soil,5.6,97,50,71,25.4,1712.9,Rice
Black Soil,6.5,169,78,167,25.5,894.9,Cotton
Clay Soil,5.1,99,46,86,25.1,2089,Rice
Alluvial Soil,6.6,135,42,116,30.9,2187.3,Rice
Red Soil,6.7,127,47,81,33.5,1470,Rice
Alluvial Soil,7,128,47,104,26.5,1083.7,Rice
Red Soil,5.7,107,48,110,31.5,1740.3,Rice
Clay Soil,6.7,112,66,118,26.7,2055.5,Rice
Alluvial Soil,6.7,147,69,62,34.9,2320.1,Rice
Alluvial Soil,5.5,198,80,130,27.9,948.1,Maize
Black Soil,6.1,166,94,177,34.4,784.8,Cotton
Red Soil,7,148,79,107,27.7,729.2,Maize
Alluvial Soil,7.3,86,43,88,29.6,1452.2,Rice
Red Soil,6,80,46,117,29.5,1913.1,Rice
Alluvial Soil,7.5,108,34,62,21.7,642.1,Wheat
Red Soil,5.4,121,41,63,25.6,2048.3,Rice
Clay Soil,7.1,141,68,76,27.3,1134.7,Rice
Red Soil,5.6,119,62,99,22.8,805.2,Maize
Alluvial Soil,5.9,101,42,69,25.2,1010.8,Rice
Alluvial Soil,6.5,124,65,79,30.4,1411.8,Rice
Alluvial Soil,7.2,144,40,112,33.6,1854.1,Rice
Clay Soil,7.5,99,66,63,29.8,1550.6,Rice
Alluvial Soil,5.9,184,58,91,23.4,1141.1,Maize
Red Soil,6.4,101,42,108,34.4,1928.3,Rice
Alluvial Soil,6.1,141,62,64,25.2,2083.9,Rice
Red Soil,6.6,89,40,80,19.4,896.3,Wheat
Alluvial Soil,5.9,159,97,133,27.9,1381.9,Maize
Red Soil,5.9,160,79,81,23,951.2,Maize
Alluvial Soil,6.8,137,52,86,26,1661.8,Rice
Clay Soil,5.5,133,53,118,33.7,1430.7,Rice
Alluvial Soil,6,131,70,76,32.3,1852.3,Rice
Clay Soil,7.1,101,45,70,32.5,1282.1,Rice
Clay Soil,6,115,42,41,18.5,587.6,Wheat
Alluvial Soil,5.5,95,52,95,29,1556.7,Rice
Red Soil,5.3,91,47,67,33.4,1367.9,Rice
Alluvial Soil,6.9,124,54,74,30.5,1957.8,Rice
Red Soil,6.3,123,59,98,34.2,2464.2,Rice
Clay Soil,5.3,123,50,101,29.2,2087.7,Rice
Alluvial Soil,5.6,133,57,114,32.7,2405.9,Rice
Alluvial Soil,6.8,111,40,59,17.9,717.2,Wheat
Red Soil,6.2,109,61,86,31.9,1869,Rice
Red Soil,6.2,97,39,48,17.6,804.5,Wheat
Clay Soil,6.4,86,49,40,21.6,770.2,Wheat
Clay Soil,6.9,84,67,118,26.7,1630.7,Rice
Red Soil,6.2,117,66,83,26.1,2364.7,Rice
Alluvial Soil,5.3,145,61,98,33.5,2275.1,Rice
Clay Soil,5.5,107,65,76,33.4,1331.6,Rice
Black Soil,7.2,238,60,103,27.7,512.7,Cotton
Alluvial Soil,6.8,113,58,70,34,1395.9,Rice
Alluvial Soil,5.6,144,48,111,28.9,2095.4,Rice
Clay Soil,7,84,70,75,25.3,1951.2,Rice
Red Soil,6.9,84,63,77,25.5,1234.3,Rice
Clay Soil,6.7,132,44,109,30.1,1216.4,Rice
Red Soil,5.2,93,67,114,33.3,2390.3,Rice
Alluvial Soil,6,105,64,104,25.5,2361.9,Rice
Alluvial Soil,7.5,88,41,67,15.3,705.4,Wheat
Red Soil,5.3,149,60,96,33.3,2067.9,Rice
Red Soil,5.7,125,44,74,34.4,2043.4,Rice
Black Soil,6.5,114,59,66,17.3,517.1,Wheat
Red Soil,6.7,134,59,103,25.1,2143.3,Rice
Clay Soil,7,115,66,87,26,1356.6,Rice
Clay Soil,6.1,123,55,101,33.2,1677.4,Rice
Alluvial Soil,5.5,164,97,85,22.2,1182.3,Maize
Red Soil,6.7,116,65,116,34.5,1524.7,Rice
Clay Soil,6.3,66,52,53,22.8,543.2,Wheat
Red Soil,7.3,107,40,91,26.2,2440.6,Rice
Alluvial Soil,6.4,104,84,86,24.7,1411.8,Maize
Clay Soil,6.7,108,54,42,19.4,685.5,Wheat
Black Soil,6.8,60,33,69,22.8,711.4,Wheat
Red Soil,6,93,63,87,27.4,1333,Rice
Red Soil,6.1,130,45,99,32.1,1954.1,Rice
Black Soil,7.3,113,31,56,24.9,825.7,Wheat
Alluvial Soil,5.5,119,41,102,32.8,2094.3,Rice
Alluvial Soil,5.3,103,50,67,28.3,1707.6,Rice
Clay Soil,6.8,83,39,77,20.3,555.8,Wheat
Clay Soil,7.2,132,70,103,25.3,2483,Rice
Black Soil,6.8,216,96,151,25.8,691.6,Cotton
Clay Soil,7.1,108,44,89,34.1,2345.8,Rice
Clay Soil,6.2,138,68,90,33,2406.1,Rice
Alluvial Soil,6.5,157,79,107,24.2,1064.3,Maize
Alluvial Soil,5.8,92,61,70,32.7,1153.6,Rice
Black Soil,6.5,132,117,193,30.3,921.7,Cotton
Alluvial Soil,6.6,131,69,69,31.3,1748.6,Rice
Clay Soil,5.3,141,53,108,28.1,1912.4,Rice
Alluvial Soil,6,200,82,128,25.8,722.6,Maize
Alluvial Soil,6,116,51,110,25.8,1824.4,Rice
Black Soil,7,206,97,195,28.3,981.4,Cotton
Alluvial Soil,5.6,109,91,105,23.2,1376.1,Maize
Red Soil,6.1,116,51,43,23,886.1,Wheat
Alluvial Soil,6.5,146,62,63,33.6,1088,Rice
Black Soil,7.4,110,60,42,24.8,727.8,Wheat
Alluvial Soil,7.2,147,53,77,28,1979.8,Rice
Alluvial Soil,7.4,117,55,76,28.9,1933.7,Rice
Alluvial Soil,6.6,81,59,115,33.2,2139,Rice
Black Soil,7.7,202,97,138,31.7,718.6,Cotton
Clay Soil,6.4,129,65,108,34.1,2415.6,Rice
Alluvial Soil,6.2,143,72,132,26.5,733.9,Maize
Alluvial Soil,5.2,128,68,77,33.5,2201.8,Rice
Black Soil,7.3,133,93,194,33.8,585,Cotton
Alluvial Soil,6.3,70,30,80,24.1,681.2,Wheat
Clay Soil,6.7,106,47,80,32,1731.8,Rice
Alluvial Soil,5.6,125,94,85,24.9,728.1,Maize
Red Soil,5.7,139,64,95,31.2,1985.9,Rice
Red Soil,5.8,129,59,66,27.3,2110.2,Rice
Alluvial Soil,6.8,172,82,135,22.2,832.9,Maize
Red Soil,6,119,68,92,27.6,943.1,Maize
Alluvial Soil,6.7,149,46,61,25.3,2050.3,Rice
Red Soil,7,146,50,84,28.3,1969.4,Rice
Clay Soil,7,102,34,59,21.1,881.7,Wheat
Clay Soil,7,83,48,103,29.1,2002.8,Rice
Alluvial Soil,5.1,123,60,115,34.6,2378,Rice
Alluvial Soil,6.2,89,53,96,30,1316.9,Rice
Alluvial Soil,7.3,68,40,57,24.9,809,Wheat
Red Soil,5.9,196,57,90,23.5,981,Maize
Red Soil,6,109,64,92,33.6,1776.8,Rice
Alluvial Soil,7,199,55,138,22.2,1487.1,Maize
Alluvial Soil,5.3,100,45,89,31.1,1653,Rice
Alluvial Soil,7.4,93,59,57,18.8,647.7,Wheat
Black Soil,6.8,111,49,55,15.7,689.3,Wheat
Clay Soil,5.7,97,40,115,28.7,2318.6,Rice
Alluvial Soil,5.7,99,70,81,25.9,1102.6,Rice
Clay Soil,7.2,106,63,114,30,2116,Rice
Alluvial Soil,6.9,136,53,119,32.4,1861.9,Rice
Alluvial Soil,6.1,195,55,80,22.8,1235.5,Maize
Red Soil,6.7,108,44,64,25.2,1170.2,Rice
Red Soil,6,114,51,95,32.9,2109.5,Rice
Alluvial Soil,7.5,118,40,88,30.5,1441.7,Rice
Alluvial Soil,6.9,129,69,101,25,2119,Rice
Alluvial Soil,5.2,126,53,88,27.8,1526.4,Rice
Black Soil,6.3,139,116,143,32.1,999.2,Cotton
Clay Soil,6.9,110,45,70,19,790,Wheat
Alluvial Soil,6.4,117,53,78,31.7,2219.2,Rice
Red Soil,5.5,135,73,118,20.9,940,Maize
Alluvial Soil,5.3,138,41,111,30,1246.1,Rice
Black Soil,7.3,231,104,137,25,580.2,Cotton
Black Soil,6.9,201,65,168,29.6,747.8,Cotton
Red Soil,6.6,122,61,98,27.7,1957.3,Rice
Alluvial Soil,6.3,116,30,43,17.2,551.8,Wheat
Clay Soil,7.2,137,50,109,34,2057.2,Rice
Clay Soil,6.3,81,64,118,32.7,1528.5,Rice
Alluvial Soil,6,144,64,107,34.6,1101.3,Rice
Alluvial Soil,7.5,104,41,60,19.8,638.7,Wheat
Red Soil,6.2,104,57,76,16.9,616.4,Wheat
Alluvial Soil,7.3,109,42,71,33.9,1305.1,Rice
Clay Soil,5.7,95,53,106,30.6,2043.3,Rice
Black Soil,6.3,109,42,60,24.3,542.5,Wheat
Red Soil,6.2,104,63,78,25.4,1508.3,Rice
Red Soil,7,131,53,69,32.5,2207.9,Rice
Black Soil,6.2,133,60,196,34.6,823.4,Cotton
Alluvial Soil,7.4,95,48,43,23,556.4,Wheat
Alluvial Soil,5.8,138,65,115,31.7,1512.7,Rice
Alluvial Soil,6.3,83,68,76,26.6,2397.4,Rice
Clay Soil,7.2,95,60,72,29.4,1303.9,Rice
Red Soil,6.9,166,95,146,26.4,741.7,Maize
Black Soil,6.3,126,66,135,34.8,868.2,Cotton
Clay Soil,7.1,83,65,90,26.4,1884.9,Rice
Clay Soil,7.5,146,67,63,25.5,2312.9,Rice
Red Soil,6.6,84,40,113,33.3,1061.7,Rice
Clay Soil,7.5,82,45,99,28,2440.9,Rice
Alluvial Soil,6.8,115,42,81,25.6,1183.8,Rice
Alluvial Soil,6.8,125,82,115,26.6,814.9,Maize
Red Soil,5.9,131,56,114,31.3,1483.8,Rice
Alluvial Soil,7,93,61,107,28.4,1568.6,Rice
Red Soil,7.1,121,61,103,29.5,1073.7,Rice
Red Soil,5.8,124,91,135,21.6,939.4,Maize
Clay Soil,6.6,117,65,78,27.3,2194.9,Rice
Clay Soil,6.7,109,38,77,24.7,519.2,Wheat
Red Soil,6.8,94,60,107,29.3,1049.1,Rice
Red Soil,6.9,75,59,78,16.7,668.2,Wheat
Clay Soil,5.7,141,58,88,27.7,1436.1,Rice
Alluvial Soil,5.7,86,43,89,34.1,1455.7,Rice
Red Soil,6.9,137,54,86,25,1486.3,Maize
Alluvial Soil,7.5,110,34,61,17.5,516.1,Wheat
Alluvial Soil,7.2,121,59,89,25.1,2390.9,Rice
Red Soil,6.8,122,42,97,32.4,1101.1,Rice
Clay Soil,6.3,122,50,102,29.6,1135.8,Rice
Red Soil,5.2,85,69,79,28.4,2438.7,Rice
Clay Soil,5.2,138,54,116,30,1474.7,Rice
Red Soil,5.8,184,50,135,26.3,1459.8,Maize
Clay Soil,6.1,80,48,70,19.7,538.4,Wheat
Black Soil,6.5,179,116,176,34.2,987.1,Cotton
Clay Soil,5.2,135,62,95,31.4,1276.8,Rice
Alluvial Soil,5.9,138,40,81,31,1036.2,Rice
Alluvial Soil,6.3,166,74,81,24.1,1113.3,Maize
Alluvial Soil,5.9,124,80,81,21.5,1495.8,Maize
Red Soil,7,88,61,61,25.4,1915.7,Rice
Red Soil,5.2,89,42,75,33,1170.4,Rice
Alluvial Soil,6.4,166,93,93,20.9,1155.8,Maize
Red Soil,6.1,143,46,79,27.7,2404.2,Rice
Alluvial Soil,5.8,90,41,90,29.2,1703.5,Rice
Alluvial Soil,5.8,183,60,120,25.1,794.7,Maize
Alluvial Soil,6.5,131,41,89,34.8,1327.3,Rice
Clay Soil,5.1,94,58,120,28.7,1324.4,Rice
Alluvial Soil,7.4,103,56,110,27.4,1486.3,Rice
Red Soil,6.7,93,45,50,17.4,859.6,Wheat
Alluvial Soil,7.2,123,57,89,29.6,2420.2,Rice
Clay Soil,6.5,148,43,68,29,1855.6,Rice
Red Soil,5.9,183,65,101,26.9,1354.8,Maize
Red Soil,6.6,118,88,97,21.2,1243.5,Maize
Alluvial Soil,7.2,106,42,69,18.5,660.3,Wheat
Red Soil,6.6,105,49,65,31.7,1406,Rice
Alluvial Soil,7.3,111,61,95,30,1778.4,Rice
Clay Soil,5.8,130,41,64,25.2,2110.1,Rice
Red Soil,5.9,125,65,64,25.5,1995.8,Rice
Clay Soil,6,89,58,120,27.3,2003.4,Rice
Red Soil,5.8,124,75,100,25,856.1,Maize
Red Soil,6,122,43,85,28.4,2361.8,Rice
Red Soil,5.6,115,47,90,25.7,2152.8,Rice
Red Soil,6.1,130,41,71,27.8,2307.7,Rice
Red Soil,6.4,103,55,100,25.7,1517.4,Rice
Alluvial Soil,5.6,162,64,97,28.6,1450.8,Maize
Black Soil,7.5,149,107,154,31.1,675.6,Cotton
Alluvial Soil,7.4,102,57,79,32.2,2381.8,Rice
Clay Soil,7.3,124,67,117,27.7,1967.5,Rice
Clay Soil,6.9,78,55,71,21.7,749.1,Wheat
Red Soil,6.4,104,48,109,30.9,1460.5,Rice
Alluvial Soil,6.2,138,63,94,33.5,1348.9,Rice
Clay Soil,5.1,129,54,113,28.3,1849.4,Rice
Red Soil,6.2,89,40,65,16.6,699.2,Wheat
Red Soil,6.7,97,49,88,28.3,1675.6,Rice
Red Soil,6.7,107,41,68,33,1201.8,Rice
Alluvial Soil,5.6,128,48,86,29,2199.1,Rice
Red Soil,7,118,85,129,23.7,1242,Maize
Alluvial Soil,7.1,112,61,75,27.1,1520,Rice
Red Soil,7.3,102,68,65,28.6,1584.8,Rice
Clay Soil,5.4,149,51,81,26.2,2089.2,Rice
Clay Soil,7,85,53,74,25.1,2429.2,Rice
